=== ON seed=1 scheme=IAGAPC-Enhanced Sat Aug  8 19:28:26 IST 2026 ===
[TOURTARGET] numWaypoints=8 tourTimeTargetS=201.497 simTime(3x)=604.491
[CONTACT] scheme=IAGAPC-Enhanced n=200 avgContactSecPerNode=301.42 avgWindowsPerNode=17.89 nodesWithZeroContact=40/200 totalFlushEvents=8536 avgPktsPerFlush=1.14995 tourTimeS=250.925 fndTimeS=-1 noPathLastRound=180 hopCapExceededDrops=2122 chCountFinalRound=6 chEverContactedBySink=25
[LOSSBREAKDOWN] scheme=IAGAPC-Enhanced packetsBufferedSent(firstHop)=9816 relayHopSends=10746 packetsReceived=14 relayTrueHopCapDrops=0 relayGreedyDeadEndDrops=2122 leafBufferOverflowDrops=437 chBufferOverflowDrops=0 flushNoCHExistsEvents=0 flushGreedyDeadEndEvents=0 staleCHDeliveries=0 deadTargetDeliveries=0 strandedAtNeverVisitedCH=55 strandedAtVisitedCH(notYetFlushed)=1 macTxDrops=0 macRxDrops=0 phyTxDrops=21 phyRxDrops=134774 ipv4Drops=0 arpL3Drops=0 arpCacheDrops=0 accountedSumVsRelayHopSends=136987/10746
=== ON seed=1 scheme=AGAPC Sat Aug  8 19:28:33 IST 2026 ===
[TOURTARGET] numWaypoints=8 tourTimeTargetS=201.497 simTime(3x)=604.491
[CONTACT] scheme=AGAPC n=200 avgContactSecPerNode=298.365 avgWindowsPerNode=17.56 nodesWithZeroContact=40/200 totalFlushEvents=8455 avgPktsPerFlush=1.16984 tourTimeS=119.325 fndTimeS=-1 noPathLastRound=169 hopCapExceededDrops=2103 chCountFinalRound=11 chEverContactedBySink=19
[LOSSBREAKDOWN] scheme=AGAPC packetsBufferedSent(firstHop)=9891 relayHopSends=10817 packetsReceived=4 relayTrueHopCapDrops=0 relayGreedyDeadEndDrops=2103 leafBufferOverflowDrops=425 chBufferOverflowDrops=0 flushNoCHExistsEvents=0 flushGreedyDeadEndEvents=0 staleCHDeliveries=0 deadTargetDeliveries=0 strandedAtNeverVisitedCH=163 strandedAtVisitedCH(notYetFlushed)=51 macTxDrops=0 macRxDrops=0 phyTxDrops=25 phyRxDrops=135276 ipv4Drops=0 arpL3Drops=0 arpCacheDrops=0 accountedSumVsRelayHopSends=137622/10817
=== ON seed=1 scheme=EGATS-N Sat Aug  8 19:28:40 IST 2026 ===
[TOURTARGET] numWaypoints=8 tourTimeTargetS=201.497 simTime(3x)=604.491
[CONTACT] scheme=EGATS-N n=200 avgContactSecPerNode=296.635 avgWindowsPerNode=18.245 nodesWithZeroContact=42/200 totalFlushEvents=8511 avgPktsPerFlush=1.1471 tourTimeS=106.289 fndTimeS=-1 noPathLastRound=185 hopCapExceededDrops=2113 chCountFinalRound=5 chEverContactedBySink=24
[LOSSBREAKDOWN] scheme=EGATS-N packetsBufferedSent(firstHop)=9763 relayHopSends=10669 packetsReceived=4 relayTrueHopCapDrops=0 relayGreedyDeadEndDrops=2113 leafBufferOverflowDrops=462 chBufferOverflowDrops=0 flushNoCHExistsEvents=0 flushGreedyDeadEndEvents=0 staleCHDeliveries=0 deadTargetDeliveries=0 strandedAtNeverVisitedCH=157 strandedAtVisitedCH(notYetFlushed)=0 macTxDrops=0 macRxDrops=0 phyTxDrops=25 phyRxDrops=134597 ipv4Drops=0 arpL3Drops=0 arpCacheDrops=0 accountedSumVsRelayHopSends=136896/10669
=== ON seed=1 scheme=RCGA-ABC Sat Aug  8 19:28:46 IST 2026 ===
[TOURTARGET] numWaypoints=8 tourTimeTargetS=201.497 simTime(3x)=604.491
[CONTACT] scheme=RCGA-ABC n=200 avgContactSecPerNode=295.705 avgWindowsPerNode=17.725 nodesWithZeroContact=42/200 totalFlushEvents=8450 avgPktsPerFlush=1.15373 tourTimeS=69.0082 fndTimeS=-1 noPathLastRound=175 hopCapExceededDrops=2091 chCountFinalRound=5 chEverContactedBySink=22
[LOSSBREAKDOWN] scheme=RCGA-ABC packetsBufferedSent(firstHop)=9749 relayHopSends=10643 packetsReceived=60 relayTrueHopCapDrops=0 relayGreedyDeadEndDrops=2091 leafBufferOverflowDrops=460 chBufferOverflowDrops=0 flushNoCHExistsEvents=0 flushGreedyDeadEndEvents=0 staleCHDeliveries=0 deadTargetDeliveries=0 strandedAtNeverVisitedCH=62 strandedAtVisitedCH(notYetFlushed)=0 macTxDrops=0 macRxDrops=0 phyTxDrops=25 phyRxDrops=133898 ipv4Drops=0 arpL3Drops=0 arpCacheDrops=0 accountedSumVsRelayHopSends=136136/10643
=== ON seed=1 scheme=DGA-M Sat Aug  8 19:28:52 IST 2026 ===
[TOURTARGET] numWaypoints=8 tourTimeTargetS=201.497 simTime(3x)=604.491
[CONTACT] scheme=DGA-M n=200 avgContactSecPerNode=297.65 avgWindowsPerNode=17.665 nodesWithZeroContact=43/200 totalFlushEvents=8497 avgPktsPerFlush=1.14911 tourTimeS=136.802 fndTimeS=-1 noPathLastRound=156 hopCapExceededDrops=2088 chCountFinalRound=10 chEverContactedBySink=23
[LOSSBREAKDOWN] scheme=DGA-M packetsBufferedSent(firstHop)=9764 relayHopSends=10688 packetsReceived=55 relayTrueHopCapDrops=0 relayGreedyDeadEndDrops=2088 leafBufferOverflowDrops=452 chBufferOverflowDrops=0 flushNoCHExistsEvents=0 flushGreedyDeadEndEvents=0 staleCHDeliveries=0 deadTargetDeliveries=0 strandedAtNeverVisitedCH=75 strandedAtVisitedCH(notYetFlushed)=0 macTxDrops=0 macRxDrops=0 phyTxDrops=21 phyRxDrops=134953 ipv4Drops=0 arpL3Drops=0 arpCacheDrops=0 accountedSumVsRelayHopSends=137192/10688
=== ON seed=1 scheme=CGAPD Sat Aug  8 19:28:59 IST 2026 ===
[TOURTARGET] numWaypoints=8 tourTimeTargetS=201.497 simTime(3x)=604.491
[CONTACT] scheme=CGAPD n=200 avgContactSecPerNode=299.31 avgWindowsPerNode=17.57 nodesWithZeroContact=42/200 totalFlushEvents=8460 avgPktsPerFlush=1.16265 tourTimeS=279.834 fndTimeS=-1 noPathLastRound=187 hopCapExceededDrops=2072 chCountFinalRound=4 chEverContactedBySink=30
[LOSSBREAKDOWN] scheme=CGAPD packetsBufferedSent(firstHop)=9836 relayHopSends=10718 packetsReceived=11 relayTrueHopCapDrops=0 relayGreedyDeadEndDrops=2072 leafBufferOverflowDrops=448 chBufferOverflowDrops=0 flushNoCHExistsEvents=0 flushGreedyDeadEndEvents=0 staleCHDeliveries=0 deadTargetDeliveries=0 strandedAtNeverVisitedCH=8 strandedAtVisitedCH(notYetFlushed)=0 macTxDrops=0 macRxDrops=0 phyTxDrops=21 phyRxDrops=136135 ipv4Drops=0 arpL3Drops=0 arpCacheDrops=0 accountedSumVsRelayHopSends=138247/10718
=== ON seed=2 scheme=IAGAPC-Enhanced Sat Aug  8 19:29:06 IST 2026 ===
[TOURTARGET] numWaypoints=8 tourTimeTargetS=201.497 simTime(3x)=604.491
[CONTACT] scheme=IAGAPC-Enhanced n=200 avgContactSecPerNode=296.225 avgWindowsPerNode=17.395 nodesWithZeroContact=43/200 totalFlushEvents=8399 avgPktsPerFlush=1.16871 tourTimeS=290.768 fndTimeS=-1 noPathLastRound=181 hopCapExceededDrops=2387 chCountFinalRound=6 chEverContactedBySink=23
[LOSSBREAKDOWN] scheme=IAGAPC-Enhanced packetsBufferedSent(firstHop)=9816 relayHopSends=10972 packetsReceived=7 relayTrueHopCapDrops=0 relayGreedyDeadEndDrops=2387 leafBufferOverflowDrops=446 chBufferOverflowDrops=0 flushNoCHExistsEvents=0 flushGreedyDeadEndEvents=0 staleCHDeliveries=3 deadTargetDeliveries=0 strandedAtNeverVisitedCH=109 strandedAtVisitedCH(notYetFlushed)=0 macTxDrops=0 macRxDrops=0 phyTxDrops=0 phyRxDrops=141501 ipv4Drops=0 arpL3Drops=0 arpCacheDrops=0 accountedSumVsRelayHopSends=144004/10972
=== ON seed=2 scheme=AGAPC Sat Aug  8 19:29:12 IST 2026 ===
[TOURTARGET] numWaypoints=8 tourTimeTargetS=201.497 simTime(3x)=604.491
[CONTACT] scheme=AGAPC n=200 avgContactSecPerNode=299.775 avgWindowsPerNode=17.665 nodesWithZeroContact=44/200 totalFlushEvents=8582 avgPktsPerFlush=1.1354 tourTimeS=85.6193 fndTimeS=-1 noPathLastRound=172 hopCapExceededDrops=2405 chCountFinalRound=7 chEverContactedBySink=22
[LOSSBREAKDOWN] scheme=AGAPC packetsBufferedSent(firstHop)=9744 relayHopSends=10896 packetsReceived=0 relayTrueHopCapDrops=0 relayGreedyDeadEndDrops=2405 leafBufferOverflowDrops=461 chBufferOverflowDrops=0 flushNoCHExistsEvents=0 flushGreedyDeadEndEvents=0 staleCHDeliveries=2 deadTargetDeliveries=0 strandedAtNeverVisitedCH=12 strandedAtVisitedCH(notYetFlushed)=0 macTxDrops=0 macRxDrops=0 phyTxDrops=2 phyRxDrops=140126 ipv4Drops=0 arpL3Drops=0 arpCacheDrops=0 accountedSumVsRelayHopSends=142545/10896
=== ON seed=2 scheme=EGATS-N Sat Aug  8 19:29:19 IST 2026 ===
[TOURTARGET] numWaypoints=8 tourTimeTargetS=201.497 simTime(3x)=604.491
[CONTACT] scheme=EGATS-N n=200 avgContactSecPerNode=294.685 avgWindowsPerNode=18.1 nodesWithZeroContact=39/200 totalFlushEvents=8541 avgPktsPerFlush=1.14905 tourTimeS=124.892 fndTimeS=-1 noPathLastRound=173 hopCapExceededDrops=2426 chCountFinalRound=11 chEverContactedBySink=22
[LOSSBREAKDOWN] scheme=EGATS-N packetsBufferedSent(firstHop)=9814 relayHopSends=10968 packetsReceived=7 relayTrueHopCapDrops=0 relayGreedyDeadEndDrops=2426 leafBufferOverflowDrops=432 chBufferOverflowDrops=0 flushNoCHExistsEvents=0 flushGreedyDeadEndEvents=0 staleCHDeliveries=2 deadTargetDeliveries=0 strandedAtNeverVisitedCH=161 strandedAtVisitedCH(notYetFlushed)=5 macTxDrops=0 macRxDrops=0 phyTxDrops=0 phyRxDrops=141045 ipv4Drops=0 arpL3Drops=0 arpCacheDrops=0 accountedSumVsRelayHopSends=143644/10968
=== ON seed=2 scheme=RCGA-ABC Sat Aug  8 19:29:26 IST 2026 ===
[TOURTARGET] numWaypoints=8 tourTimeTargetS=201.497 simTime(3x)=604.491
[CONTACT] scheme=RCGA-ABC n=200 avgContactSecPerNode=301.605 avgWindowsPerNode=17.835 nodesWithZeroContact=45/200 totalFlushEvents=8579 avgPktsPerFlush=1.12624 tourTimeS=117.729 fndTimeS=-1 noPathLastRound=176 hopCapExceededDrops=2382 chCountFinalRound=5 chEverContactedBySink=21
[LOSSBREAKDOWN] scheme=RCGA-ABC packetsBufferedSent(firstHop)=9662 relayHopSends=10874 packetsReceived=6 relayTrueHopCapDrops=0 relayGreedyDeadEndDrops=2382 leafBufferOverflowDrops=479 chBufferOverflowDrops=0 flushNoCHExistsEvents=0 flushGreedyDeadEndEvents=0 staleCHDeliveries=1 deadTargetDeliveries=0 strandedAtNeverVisitedCH=12 strandedAtVisitedCH(notYetFlushed)=0 macTxDrops=0 macRxDrops=0 phyTxDrops=1 phyRxDrops=141785 ipv4Drops=0 arpL3Drops=0 arpCacheDrops=0 accountedSumVsRelayHopSends=144186/10874
=== ON seed=2 scheme=DGA-M Sat Aug  8 19:29:32 IST 2026 ===
[TOURTARGET] numWaypoints=8 tourTimeTargetS=201.497 simTime(3x)=604.491
[CONTACT] scheme=DGA-M n=200 avgContactSecPerNode=293.6 avgWindowsPerNode=17.52 nodesWithZeroContact=44/200 totalFlushEvents=8427 avgPktsPerFlush=1.16198 tourTimeS=131.296 fndTimeS=-1 noPathLastRound=188 hopCapExceededDrops=2349 chCountFinalRound=4 chEverContactedBySink=15
[LOSSBREAKDOWN] scheme=DGA-M packetsBufferedSent(firstHop)=9792 relayHopSends=10924 packetsReceived=8 relayTrueHopCapDrops=0 relayGreedyDeadEndDrops=2349 leafBufferOverflowDrops=457 chBufferOverflowDrops=0 flushNoCHExistsEvents=0 flushGreedyDeadEndEvents=0 staleCHDeliveries=0 deadTargetDeliveries=0 strandedAtNeverVisitedCH=104 strandedAtVisitedCH(notYetFlushed)=0 macTxDrops=0 macRxDrops=0 phyTxDrops=1 phyRxDrops=141199 ipv4Drops=0 arpL3Drops=0 arpCacheDrops=0 accountedSumVsRelayHopSends=143661/10924
=== ON seed=2 scheme=CGAPD Sat Aug  8 19:29:39 IST 2026 ===
[TOURTARGET] numWaypoints=8 tourTimeTargetS=201.497 simTime(3x)=604.491
[CONTACT] scheme=CGAPD n=200 avgContactSecPerNode=293.22 avgWindowsPerNode=17.795 nodesWithZeroContact=40/200 totalFlushEvents=8426 avgPktsPerFlush=1.16995 tourTimeS=275.648 fndTimeS=-1 noPathLastRound=177 hopCapExceededDrops=2416 chCountFinalRound=6 chEverContactedBySink=22
[LOSSBREAKDOWN] scheme=CGAPD packetsBufferedSent(firstHop)=9858 relayHopSends=10998 packetsReceived=37 relayTrueHopCapDrops=0 relayGreedyDeadEndDrops=2416 leafBufferOverflowDrops=422 chBufferOverflowDrops=0 flushNoCHExistsEvents=0 flushGreedyDeadEndEvents=0 staleCHDeliveries=2 deadTargetDeliveries=0 strandedAtNeverVisitedCH=108 strandedAtVisitedCH(notYetFlushed)=0 macTxDrops=0 macRxDrops=0 phyTxDrops=1 phyRxDrops=141365 ipv4Drops=0 arpL3Drops=0 arpCacheDrops=0 accountedSumVsRelayHopSends=143927/10998
=== ON seed=3 scheme=IAGAPC-Enhanced Sat Aug  8 19:29:46 IST 2026 ===
[TOURTARGET] numWaypoints=8 tourTimeTargetS=201.497 simTime(3x)=604.491
[CONTACT] scheme=IAGAPC-Enhanced n=200 avgContactSecPerNode=290.8 avgWindowsPerNode=15.64 nodesWithZeroContact=52/200 totalFlushEvents=8078 avgPktsPerFlush=1.13791 tourTimeS=178.603 fndTimeS=-1 noPathLastRound=175 hopCapExceededDrops=1932 chCountFinalRound=6 chEverContactedBySink=21
[LOSSBREAKDOWN] scheme=IAGAPC-Enhanced packetsBufferedSent(firstHop)=9192 relayHopSends=9692 packetsReceived=4 relayTrueHopCapDrops=0 relayGreedyDeadEndDrops=1932 leafBufferOverflowDrops=548 chBufferOverflowDrops=0 flushNoCHExistsEvents=0 flushGreedyDeadEndEvents=0 staleCHDeliveries=0 deadTargetDeliveries=0 strandedAtNeverVisitedCH=55 strandedAtVisitedCH(notYetFlushed)=1 macTxDrops=0 macRxDrops=0 phyTxDrops=0 phyRxDrops=134005 ipv4Drops=0 arpL3Drops=0 arpCacheDrops=0 accountedSumVsRelayHopSends=135997/9692
=== ON seed=3 scheme=AGAPC Sat Aug  8 19:29:52 IST 2026 ===
[TOURTARGET] numWaypoints=8 tourTimeTargetS=201.497 simTime(3x)=604.491
[CONTACT] scheme=AGAPC n=200 avgContactSecPerNode=291.95 avgWindowsPerNode=15.57 nodesWithZeroContact=54/200 totalFlushEvents=8043 avgPktsPerFlush=1.12334 tourTimeS=90.839 fndTimeS=-1 noPathLastRound=181 hopCapExceededDrops=1969 chCountFinalRound=5 chEverContactedBySink=16
[LOSSBREAKDOWN] scheme=AGAPC packetsBufferedSent(firstHop)=9035 relayHopSends=9537 packetsReceived=5 relayTrueHopCapDrops=0 relayGreedyDeadEndDrops=1969 leafBufferOverflowDrops=579 chBufferOverflowDrops=0 flushNoCHExistsEvents=0 flushGreedyDeadEndEvents=0 staleCHDeliveries=0 deadTargetDeliveries=0 strandedAtNeverVisitedCH=108 strandedAtVisitedCH(notYetFlushed)=0 macTxDrops=0 macRxDrops=0 phyTxDrops=0 phyRxDrops=132745 ipv4Drops=0 arpL3Drops=0 arpCacheDrops=0 accountedSumVsRelayHopSends=134827/9537
=== ON seed=3 scheme=EGATS-N Sat Aug  8 19:29:58 IST 2026 ===
[TOURTARGET] numWaypoints=8 tourTimeTargetS=201.497 simTime(3x)=604.491
[CONTACT] scheme=EGATS-N n=200 avgContactSecPerNode=289.44 avgWindowsPerNode=16.165 nodesWithZeroContact=52/200 totalFlushEvents=8094 avgPktsPerFlush=1.1296 tourTimeS=105.666 fndTimeS=-1 noPathLastRound=174 hopCapExceededDrops=1898 chCountFinalRound=8 chEverContactedBySink=22
[LOSSBREAKDOWN] scheme=EGATS-N packetsBufferedSent(firstHop)=9143 relayHopSends=9657 packetsReceived=4 relayTrueHopCapDrops=0 relayGreedyDeadEndDrops=1898 leafBufferOverflowDrops=557 chBufferOverflowDrops=0 flushNoCHExistsEvents=0 flushGreedyDeadEndEvents=0 staleCHDeliveries=0 deadTargetDeliveries=0 strandedAtNeverVisitedCH=110 strandedAtVisitedCH(notYetFlushed)=0 macTxDrops=0 macRxDrops=0 phyTxDrops=0 phyRxDrops=134589 ipv4Drops=0 arpL3Drops=0 arpCacheDrops=0 accountedSumVsRelayHopSends=136601/9657
=== ON seed=3 scheme=RCGA-ABC Sat Aug  8 19:30:04 IST 2026 ===
[TOURTARGET] numWaypoints=8 tourTimeTargetS=201.497 simTime(3x)=604.491
[CONTACT] scheme=RCGA-ABC n=200 avgContactSecPerNode=291.895 avgWindowsPerNode=16.005 nodesWithZeroContact=52/200 totalFlushEvents=8115 avgPktsPerFlush=1.13444 tourTimeS=59.0332 fndTimeS=-1 noPathLastRound=182 hopCapExceededDrops=1917 chCountFinalRound=4 chEverContactedBySink=17
[LOSSBREAKDOWN] scheme=RCGA-ABC packetsBufferedSent(firstHop)=9206 relayHopSends=9714 packetsReceived=4 relayTrueHopCapDrops=0 relayGreedyDeadEndDrops=1917 leafBufferOverflowDrops=556 chBufferOverflowDrops=0 flushNoCHExistsEvents=0 flushGreedyDeadEndEvents=0 staleCHDeliveries=0 deadTargetDeliveries=0 strandedAtNeverVisitedCH=55 strandedAtVisitedCH(notYetFlushed)=0 macTxDrops=0 macRxDrops=0 phyTxDrops=0 phyRxDrops=133656 ipv4Drops=0 arpL3Drops=0 arpCacheDrops=0 accountedSumVsRelayHopSends=135632/9714
=== ON seed=3 scheme=DGA-M Sat Aug  8 19:30:11 IST 2026 ===
[TOURTARGET] numWaypoints=8 tourTimeTargetS=201.497 simTime(3x)=604.491
[CONTACT] scheme=DGA-M n=200 avgContactSecPerNode=285.32 avgWindowsPerNode=15.18 nodesWithZeroContact=54/200 totalFlushEvents=7987 avgPktsPerFlush=1.13697 tourTimeS=149.139 fndTimeS=-1 noPathLastRound=171 hopCapExceededDrops=1892 chCountFinalRound=7 chEverContactedBySink=16
[LOSSBREAKDOWN] scheme=DGA-M packetsBufferedSent(firstHop)=9081 relayHopSends=9571 packetsReceived=0 relayTrueHopCapDrops=0 relayGreedyDeadEndDrops=1892 leafBufferOverflowDrops=565 chBufferOverflowDrops=0 flushNoCHExistsEvents=0 flushGreedyDeadEndEvents=0 staleCHDeliveries=0 deadTargetDeliveries=0 strandedAtNeverVisitedCH=12 strandedAtVisitedCH(notYetFlushed)=1 macTxDrops=0 macRxDrops=0 phyTxDrops=0 phyRxDrops=132493 ipv4Drops=0 arpL3Drops=0 arpCacheDrops=0 accountedSumVsRelayHopSends=134398/9571
=== ON seed=3 scheme=CGAPD Sat Aug  8 19:30:17 IST 2026 ===
[TOURTARGET] numWaypoints=8 tourTimeTargetS=201.497 simTime(3x)=604.491
[CONTACT] scheme=CGAPD n=200 avgContactSecPerNode=290.125 avgWindowsPerNode=15.425 nodesWithZeroContact=50/200 totalFlushEvents=8036 avgPktsPerFlush=1.13452 tourTimeS=293.633 fndTimeS=-1 noPathLastRound=177 hopCapExceededDrops=1910 chCountFinalRound=5 chEverContactedBySink=26
[LOSSBREAKDOWN] scheme=CGAPD packetsBufferedSent(firstHop)=9117 relayHopSends=9583 packetsReceived=13 relayTrueHopCapDrops=0 relayGreedyDeadEndDrops=1910 leafBufferOverflowDrops=534 chBufferOverflowDrops=0 flushNoCHExistsEvents=0 flushGreedyDeadEndEvents=0 staleCHDeliveries=0 deadTargetDeliveries=0 strandedAtNeverVisitedCH=9 strandedAtVisitedCH(notYetFlushed)=0 macTxDrops=0 macRxDrops=0 phyTxDrops=0 phyRxDrops=131832 ipv4Drops=0 arpL3Drops=0 arpCacheDrops=0 accountedSumVsRelayHopSends=133764/9583
=== ON seed=4 scheme=IAGAPC-Enhanced Sat Aug  8 19:30:23 IST 2026 ===
[TOURTARGET] numWaypoints=8 tourTimeTargetS=201.497 simTime(3x)=604.491
[CONTACT] scheme=IAGAPC-Enhanced n=200 avgContactSecPerNode=275.64 avgWindowsPerNode=16.405 nodesWithZeroContact=55/200 totalFlushEvents=7833 avgPktsPerFlush=1.13469 tourTimeS=250.882 fndTimeS=-1 noPathLastRound=174 hopCapExceededDrops=1773 chCountFinalRound=8 chEverContactedBySink=27
[LOSSBREAKDOWN] scheme=IAGAPC-Enhanced packetsBufferedSent(firstHop)=8888 relayHopSends=9408 packetsReceived=21 relayTrueHopCapDrops=1 relayGreedyDeadEndDrops=1772 leafBufferOverflowDrops=584 chBufferOverflowDrops=0 flushNoCHExistsEvents=0 flushGreedyDeadEndEvents=0 staleCHDeliveries=5 deadTargetDeliveries=0 strandedAtNeverVisitedCH=209 strandedAtVisitedCH(notYetFlushed)=1 macTxDrops=0 macRxDrops=0 phyTxDrops=1 phyRxDrops=134675 ipv4Drops=0 arpL3Drops=0 arpCacheDrops=0 accountedSumVsRelayHopSends=136680/9408
=== ON seed=4 scheme=AGAPC Sat Aug  8 19:30:29 IST 2026 ===
[TOURTARGET] numWaypoints=8 tourTimeTargetS=201.497 simTime(3x)=604.491
[CONTACT] scheme=AGAPC n=200 avgContactSecPerNode=276.035 avgWindowsPerNode=15.93 nodesWithZeroContact=56/200 totalFlushEvents=7777 avgPktsPerFlush=1.13836 tourTimeS=144.748 fndTimeS=-1 noPathLastRound=178 hopCapExceededDrops=1762 chCountFinalRound=4 chEverContactedBySink=16
[LOSSBREAKDOWN] scheme=AGAPC packetsBufferedSent(firstHop)=8853 relayHopSends=9437 packetsReceived=1 relayTrueHopCapDrops=0 relayGreedyDeadEndDrops=1762 leafBufferOverflowDrops=608 chBufferOverflowDrops=0 flushNoCHExistsEvents=0 flushGreedyDeadEndEvents=0 staleCHDeliveries=5 deadTargetDeliveries=0 strandedAtNeverVisitedCH=4 strandedAtVisitedCH(notYetFlushed)=0 macTxDrops=0 macRxDrops=0 phyTxDrops=0 phyRxDrops=135391 ipv4Drops=0 arpL3Drops=0 arpCacheDrops=0 accountedSumVsRelayHopSends=137158/9437
=== ON seed=4 scheme=EGATS-N Sat Aug  8 19:30:35 IST 2026 ===
[TOURTARGET] numWaypoints=8 tourTimeTargetS=201.497 simTime(3x)=604.491
[CONTACT] scheme=EGATS-N n=200 avgContactSecPerNode=283.945 avgWindowsPerNode=15.405 nodesWithZeroContact=55/200 totalFlushEvents=7909 avgPktsPerFlush=1.13048 tourTimeS=149.851 fndTimeS=-1 noPathLastRound=184 hopCapExceededDrops=1744 chCountFinalRound=6 chEverContactedBySink=22
[LOSSBREAKDOWN] scheme=EGATS-N packetsBufferedSent(firstHop)=8941 relayHopSends=9481 packetsReceived=2 relayTrueHopCapDrops=1 relayGreedyDeadEndDrops=1743 leafBufferOverflowDrops=585 chBufferOverflowDrops=0 flushNoCHExistsEvents=0 flushGreedyDeadEndEvents=0 staleCHDeliveries=5 deadTargetDeliveries=0 strandedAtNeverVisitedCH=106 strandedAtVisitedCH(notYetFlushed)=6 macTxDrops=0 macRxDrops=0 phyTxDrops=0 phyRxDrops=134551 ipv4Drops=0 arpL3Drops=0 arpCacheDrops=0 accountedSumVsRelayHopSends=136409/9481
=== ON seed=4 scheme=RCGA-ABC Sat Aug  8 19:30:41 IST 2026 ===
[TOURTARGET] numWaypoints=8 tourTimeTargetS=201.497 simTime(3x)=604.491
[CONTACT] scheme=RCGA-ABC n=200 avgContactSecPerNode=278.665 avgWindowsPerNode=15.345 nodesWithZeroContact=57/200 totalFlushEvents=7833 avgPktsPerFlush=1.13915 tourTimeS=118.324 fndTimeS=-1 noPathLastRound=185 hopCapExceededDrops=1792 chCountFinalRound=7 chEverContactedBySink=19
[LOSSBREAKDOWN] scheme=RCGA-ABC packetsBufferedSent(firstHop)=8923 relayHopSends=9449 packetsReceived=8 relayTrueHopCapDrops=0 relayGreedyDeadEndDrops=1792 leafBufferOverflowDrops=598 chBufferOverflowDrops=0 flushNoCHExistsEvents=0 flushGreedyDeadEndEvents=0 staleCHDeliveries=4 deadTargetDeliveries=0 strandedAtNeverVisitedCH=165 strandedAtVisitedCH(notYetFlushed)=0 macTxDrops=0 macRxDrops=0 phyTxDrops=1 phyRxDrops=135076 ipv4Drops=0 arpL3Drops=0 arpCacheDrops=0 accountedSumVsRelayHopSends=137042/9449
=== ON seed=4 scheme=DGA-M Sat Aug  8 19:30:48 IST 2026 ===
[TOURTARGET] numWaypoints=8 tourTimeTargetS=201.497 simTime(3x)=604.491
[CONTACT] scheme=DGA-M n=200 avgContactSecPerNode=279.3 avgWindowsPerNode=15.605 nodesWithZeroContact=57/200 totalFlushEvents=7835 avgPktsPerFlush=1.12317 tourTimeS=112.31 fndTimeS=-1 noPathLastRound=169 hopCapExceededDrops=1805 chCountFinalRound=10 chEverContactedBySink=19
[LOSSBREAKDOWN] scheme=DGA-M packetsBufferedSent(firstHop)=8800 relayHopSends=9324 packetsReceived=22 relayTrueHopCapDrops=0 relayGreedyDeadEndDrops=1805 leafBufferOverflowDrops=604 chBufferOverflowDrops=0 flushNoCHExistsEvents=0 flushGreedyDeadEndEvents=0 staleCHDeliveries=2 deadTargetDeliveries=0 strandedAtNeverVisitedCH=211 strandedAtVisitedCH(notYetFlushed)=3 macTxDrops=0 macRxDrops=0 phyTxDrops=0 phyRxDrops=134130 ipv4Drops=0 arpL3Drops=0 arpCacheDrops=0 accountedSumVsRelayHopSends=136171/9324
=== ON seed=4 scheme=CGAPD Sat Aug  8 19:30:54 IST 2026 ===
[TOURTARGET] numWaypoints=8 tourTimeTargetS=201.497 simTime(3x)=604.491
[CONTACT] scheme=CGAPD n=200 avgContactSecPerNode=276.07 avgWindowsPerNode=15.34 nodesWithZeroContact=48/200 totalFlushEvents=7725 avgPktsPerFlush=1.18628 tourTimeS=269.394 fndTimeS=-1 noPathLastRound=187 hopCapExceededDrops=1773 chCountFinalRound=3 chEverContactedBySink=31
[LOSSBREAKDOWN] scheme=CGAPD packetsBufferedSent(firstHop)=9164 relayHopSends=9712 packetsReceived=29 relayTrueHopCapDrops=0 relayGreedyDeadEndDrops=1773 leafBufferOverflowDrops=507 chBufferOverflowDrops=0 flushNoCHExistsEvents=0 flushGreedyDeadEndEvents=0 staleCHDeliveries=5 deadTargetDeliveries=0 strandedAtNeverVisitedCH=6 strandedAtVisitedCH(notYetFlushed)=51 macTxDrops=0 macRxDrops=0 phyTxDrops=0 phyRxDrops=136633 ipv4Drops=0 arpL3Drops=0 arpCacheDrops=0 accountedSumVsRelayHopSends=138492/9712
=== ON seed=5 scheme=IAGAPC-Enhanced Sat Aug  8 19:31:00 IST 2026 ===
[TOURTARGET] numWaypoints=8 tourTimeTargetS=201.497 simTime(3x)=604.491
[CONTACT] scheme=IAGAPC-Enhanced n=200 avgContactSecPerNode=289.685 avgWindowsPerNode=16.455 nodesWithZeroContact=42/200 totalFlushEvents=8200 avgPktsPerFlush=1.18293 tourTimeS=179.672 fndTimeS=-1 noPathLastRound=161 hopCapExceededDrops=1957 chCountFinalRound=8 chEverContactedBySink=20
[LOSSBREAKDOWN] scheme=IAGAPC-Enhanced packetsBufferedSent(firstHop)=9700 relayHopSends=10380 packetsReceived=7 relayTrueHopCapDrops=0 relayGreedyDeadEndDrops=1957 leafBufferOverflowDrops=450 chBufferOverflowDrops=0 flushNoCHExistsEvents=0 flushGreedyDeadEndEvents=0 staleCHDeliveries=0 deadTargetDeliveries=0 strandedAtNeverVisitedCH=114 strandedAtVisitedCH(notYetFlushed)=0 macTxDrops=0 macRxDrops=0 phyTxDrops=2 phyRxDrops=131552 ipv4Drops=0 arpL3Drops=0 arpCacheDrops=0 accountedSumVsRelayHopSends=133632/10380
=== ON seed=5 scheme=AGAPC Sat Aug  8 19:31:06 IST 2026 ===
[TOURTARGET] numWaypoints=8 tourTimeTargetS=201.497 simTime(3x)=604.491
[CONTACT] scheme=AGAPC n=200 avgContactSecPerNode=292.63 avgWindowsPerNode=16.87 nodesWithZeroContact=43/200 totalFlushEvents=8293 avgPktsPerFlush=1.16327 tourTimeS=145.719 fndTimeS=-1 noPathLastRound=183 hopCapExceededDrops=1962 chCountFinalRound=6 chEverContactedBySink=23
[LOSSBREAKDOWN] scheme=AGAPC packetsBufferedSent(firstHop)=9647 relayHopSends=10305 packetsReceived=2 relayTrueHopCapDrops=0 relayGreedyDeadEndDrops=1962 leafBufferOverflowDrops=463 chBufferOverflowDrops=0 flushNoCHExistsEvents=0 flushGreedyDeadEndEvents=0 staleCHDeliveries=0 deadTargetDeliveries=0 strandedAtNeverVisitedCH=105 strandedAtVisitedCH(notYetFlushed)=3 macTxDrops=0 macRxDrops=0 phyTxDrops=1 phyRxDrops=130773 ipv4Drops=0 arpL3Drops=0 arpCacheDrops=0 accountedSumVsRelayHopSends=132846/10305
=== ON seed=5 scheme=EGATS-N Sat Aug  8 19:31:13 IST 2026 ===
[TOURTARGET] numWaypoints=8 tourTimeTargetS=201.497 simTime(3x)=604.491
[CONTACT] scheme=EGATS-N n=200 avgContactSecPerNode=294.445 avgWindowsPerNode=16.835 nodesWithZeroContact=42/200 totalFlushEvents=8299 avgPktsPerFlush=1.16315 tourTimeS=169.715 fndTimeS=-1 noPathLastRound=167 hopCapExceededDrops=1904 chCountFinalRound=11 chEverContactedBySink=25
[LOSSBREAKDOWN] scheme=EGATS-N packetsBufferedSent(firstHop)=9653 relayHopSends=10377 packetsReceived=6 relayTrueHopCapDrops=0 relayGreedyDeadEndDrops=1904 leafBufferOverflowDrops=461 chBufferOverflowDrops=0 flushNoCHExistsEvents=0 flushGreedyDeadEndEvents=0 staleCHDeliveries=0 deadTargetDeliveries=0 strandedAtNeverVisitedCH=169 strandedAtVisitedCH(notYetFlushed)=0 macTxDrops=0 macRxDrops=0 phyTxDrops=2 phyRxDrops=133205 ipv4Drops=0 arpL3Drops=0 arpCacheDrops=0 accountedSumVsRelayHopSends=135286/10377
=== ON seed=5 scheme=RCGA-ABC Sat Aug  8 19:31:19 IST 2026 ===
[TOURTARGET] numWaypoints=8 tourTimeTargetS=201.497 simTime(3x)=604.491
[CONTACT] scheme=RCGA-ABC n=200 avgContactSecPerNode=292.04 avgWindowsPerNode=16.87 nodesWithZeroContact=40/200 totalFlushEvents=8265 avgPktsPerFlush=1.16576 tourTimeS=64.249 fndTimeS=-1 noPathLastRound=183 hopCapExceededDrops=1927 chCountFinalRound=6 chEverContactedBySink=27
[LOSSBREAKDOWN] scheme=RCGA-ABC packetsBufferedSent(firstHop)=9635 relayHopSends=10287 packetsReceived=10 relayTrueHopCapDrops=0 relayGreedyDeadEndDrops=1927 leafBufferOverflowDrops=463 chBufferOverflowDrops=0 flushNoCHExistsEvents=0 flushGreedyDeadEndEvents=0 staleCHDeliveries=0 deadTargetDeliveries=0 strandedAtNeverVisitedCH=55 strandedAtVisitedCH(notYetFlushed)=0 macTxDrops=0 macRxDrops=0 phyTxDrops=3 phyRxDrops=131670 ipv4Drops=0 arpL3Drops=0 arpCacheDrops=0 accountedSumVsRelayHopSends=133665/10287
=== ON seed=5 scheme=DGA-M Sat Aug  8 19:31:26 IST 2026 ===
[TOURTARGET] numWaypoints=8 tourTimeTargetS=201.497 simTime(3x)=604.491
[CONTACT] scheme=DGA-M n=200 avgContactSecPerNode=295.25 avgWindowsPerNode=16.335 nodesWithZeroContact=44/200 totalFlushEvents=8343 avgPktsPerFlush=1.14923 tourTimeS=103.619 fndTimeS=-1 noPathLastRound=180 hopCapExceededDrops=1979 chCountFinalRound=4 chEverContactedBySink=19
[LOSSBREAKDOWN] scheme=DGA-M packetsBufferedSent(firstHop)=9588 relayHopSends=10258 packetsReceived=4 relayTrueHopCapDrops=0 relayGreedyDeadEndDrops=1979 leafBufferOverflowDrops=474 chBufferOverflowDrops=0 flushNoCHExistsEvents=0 flushGreedyDeadEndEvents=0 staleCHDeliveries=0 deadTargetDeliveries=0 strandedAtNeverVisitedCH=56 strandedAtVisitedCH(notYetFlushed)=0 macTxDrops=0 macRxDrops=0 phyTxDrops=0 phyRxDrops=131759 ipv4Drops=0 arpL3Drops=0 arpCacheDrops=0 accountedSumVsRelayHopSends=133798/10258
=== ON seed=5 scheme=CGAPD Sat Aug  8 19:31:32 IST 2026 ===
[TOURTARGET] numWaypoints=8 tourTimeTargetS=201.497 simTime(3x)=604.491
[CONTACT] scheme=CGAPD n=200 avgContactSecPerNode=298.01 avgWindowsPerNode=16.71 nodesWithZeroContact=41/200 totalFlushEvents=8377 avgPktsPerFlush=1.16378 tourTimeS=314.28 fndTimeS=-1 noPathLastRound=166 hopCapExceededDrops=1943 chCountFinalRound=8 chEverContactedBySink=24
[LOSSBREAKDOWN] scheme=CGAPD packetsBufferedSent(firstHop)=9749 relayHopSends=10435 packetsReceived=50 relayTrueHopCapDrops=0 relayGreedyDeadEndDrops=1943 leafBufferOverflowDrops=438 chBufferOverflowDrops=0 flushNoCHExistsEvents=0 flushGreedyDeadEndEvents=0 staleCHDeliveries=0 deadTargetDeliveries=0 strandedAtNeverVisitedCH=111 strandedAtVisitedCH(notYetFlushed)=2 macTxDrops=0 macRxDrops=0 phyTxDrops=2 phyRxDrops=132052 ipv4Drops=0 arpL3Drops=0 arpCacheDrops=0 accountedSumVsRelayHopSends=134160/10435
=== ON seed=6 scheme=IAGAPC-Enhanced Sat Aug  8 19:31:40 IST 2026 ===
[TOURTARGET] numWaypoints=8 tourTimeTargetS=201.497 simTime(3x)=604.491
[CONTACT] scheme=IAGAPC-Enhanced n=200 avgContactSecPerNode=279.075 avgWindowsPerNode=15.935 nodesWithZeroContact=54/200 totalFlushEvents=7861 avgPktsPerFlush=1.1454 tourTimeS=277.817 fndTimeS=-1 noPathLastRound=188 hopCapExceededDrops=1912 chCountFinalRound=3 chEverContactedBySink=27
[LOSSBREAKDOWN] scheme=IAGAPC-Enhanced packetsBufferedSent(firstHop)=9004 relayHopSends=9504 packetsReceived=5 relayTrueHopCapDrops=2 relayGreedyDeadEndDrops=1910 leafBufferOverflowDrops=585 chBufferOverflowDrops=0 flushNoCHExistsEvents=0 flushGreedyDeadEndEvents=0 staleCHDeliveries=0 deadTargetDeliveries=0 strandedAtNeverVisitedCH=52 strandedAtVisitedCH(notYetFlushed)=6 macTxDrops=0 macRxDrops=0 phyTxDrops=0 phyRxDrops=133297 ipv4Drops=0 arpL3Drops=0 arpCacheDrops=0 accountedSumVsRelayHopSends=135272/9504
=== ON seed=6 scheme=AGAPC Sat Aug  8 19:31:46 IST 2026 ===
[TOURTARGET] numWaypoints=8 tourTimeTargetS=201.497 simTime(3x)=604.491
[CONTACT] scheme=AGAPC n=200 avgContactSecPerNode=279.835 avgWindowsPerNode=16.395 nodesWithZeroContact=53/200 totalFlushEvents=7896 avgPktsPerFlush=1.13906 tourTimeS=115.597 fndTimeS=-1 noPathLastRound=187 hopCapExceededDrops=1918 chCountFinalRound=5 chEverContactedBySink=24
[LOSSBREAKDOWN] scheme=AGAPC packetsBufferedSent(firstHop)=8994 relayHopSends=9550 packetsReceived=9 relayTrueHopCapDrops=2 relayGreedyDeadEndDrops=1916 leafBufferOverflowDrops=573 chBufferOverflowDrops=0 flushNoCHExistsEvents=0 flushGreedyDeadEndEvents=0 staleCHDeliveries=0 deadTargetDeliveries=0 strandedAtNeverVisitedCH=57 strandedAtVisitedCH(notYetFlushed)=1 macTxDrops=0 macRxDrops=0 phyTxDrops=0 phyRxDrops=135928 ipv4Drops=0 arpL3Drops=0 arpCacheDrops=0 accountedSumVsRelayHopSends=137913/9550
=== ON seed=6 scheme=EGATS-N Sat Aug  8 19:31:52 IST 2026 ===
[TOURTARGET] numWaypoints=8 tourTimeTargetS=201.497 simTime(3x)=604.491
[CONTACT] scheme=EGATS-N n=200 avgContactSecPerNode=280.335 avgWindowsPerNode=15.43 nodesWithZeroContact=55/200 totalFlushEvents=7858 avgPktsPerFlush=1.14673 tourTimeS=104.105 fndTimeS=-1 noPathLastRound=154 hopCapExceededDrops=1912 chCountFinalRound=9 chEverContactedBySink=19
[LOSSBREAKDOWN] scheme=EGATS-N packetsBufferedSent(firstHop)=9011 relayHopSends=9513 packetsReceived=1 relayTrueHopCapDrops=3 relayGreedyDeadEndDrops=1909 leafBufferOverflowDrops=580 chBufferOverflowDrops=0 flushNoCHExistsEvents=0 flushGreedyDeadEndEvents=0 staleCHDeliveries=0 deadTargetDeliveries=0 strandedAtNeverVisitedCH=110 strandedAtVisitedCH(notYetFlushed)=1 macTxDrops=0 macRxDrops=0 phyTxDrops=0 phyRxDrops=133902 ipv4Drops=0 arpL3Drops=0 arpCacheDrops=0 accountedSumVsRelayHopSends=135926/9513
=== ON seed=6 scheme=RCGA-ABC Sat Aug  8 19:31:59 IST 2026 ===
[TOURTARGET] numWaypoints=8 tourTimeTargetS=201.497 simTime(3x)=604.491
[CONTACT] scheme=RCGA-ABC n=200 avgContactSecPerNode=282.02 avgWindowsPerNode=15.865 nodesWithZeroContact=56/200 totalFlushEvents=7885 avgPktsPerFlush=1.14052 tourTimeS=36.4665 fndTimeS=-1 noPathLastRound=170 hopCapExceededDrops=1882 chCountFinalRound=9 chEverContactedBySink=14
[LOSSBREAKDOWN] scheme=RCGA-ABC packetsBufferedSent(firstHop)=8993 relayHopSends=9521 packetsReceived=4 relayTrueHopCapDrops=2 relayGreedyDeadEndDrops=1880 leafBufferOverflowDrops=596 chBufferOverflowDrops=0 flushNoCHExistsEvents=0 flushGreedyDeadEndEvents=0 staleCHDeliveries=0 deadTargetDeliveries=0 strandedAtNeverVisitedCH=210 strandedAtVisitedCH(notYetFlushed)=0 macTxDrops=0 macRxDrops=0 phyTxDrops=0 phyRxDrops=135217 ipv4Drops=0 arpL3Drops=0 arpCacheDrops=0 accountedSumVsRelayHopSends=137313/9521
=== ON seed=6 scheme=DGA-M Sat Aug  8 19:32:05 IST 2026 ===
[TOURTARGET] numWaypoints=8 tourTimeTargetS=201.497 simTime(3x)=604.491
[CONTACT] scheme=DGA-M n=200 avgContactSecPerNode=276.195 avgWindowsPerNode=16.165 nodesWithZeroContact=52/200 totalFlushEvents=7870 avgPktsPerFlush=1.16925 tourTimeS=105.365 fndTimeS=-1 noPathLastRound=199 hopCapExceededDrops=1959 chCountFinalRound=1 chEverContactedBySink=20
[LOSSBREAKDOWN] scheme=DGA-M packetsBufferedSent(firstHop)=9202 relayHopSends=9716 packetsReceived=57 relayTrueHopCapDrops=8 relayGreedyDeadEndDrops=1951 leafBufferOverflowDrops=556 chBufferOverflowDrops=0 flushNoCHExistsEvents=0 flushGreedyDeadEndEvents=0 staleCHDeliveries=0 deadTargetDeliveries=0 strandedAtNeverVisitedCH=51 strandedAtVisitedCH(notYetFlushed)=0 macTxDrops=0 macRxDrops=0 phyTxDrops=0 phyRxDrops=134747 ipv4Drops=0 arpL3Drops=0 arpCacheDrops=0 accountedSumVsRelayHopSends=136814/9716
=== ON seed=6 scheme=CGAPD Sat Aug  8 19:32:12 IST 2026 ===
[TOURTARGET] numWaypoints=8 tourTimeTargetS=201.497 simTime(3x)=604.491
[CONTACT] scheme=CGAPD n=200 avgContactSecPerNode=271.325 avgWindowsPerNode=16.23 nodesWithZeroContact=52/200 totalFlushEvents=7778 avgPktsPerFlush=1.1638 tourTimeS=264.783 fndTimeS=-1 noPathLastRound=190 hopCapExceededDrops=1894 chCountFinalRound=4 chEverContactedBySink=18
[LOSSBREAKDOWN] scheme=CGAPD packetsBufferedSent(firstHop)=9052 relayHopSends=9638 packetsReceived=22 relayTrueHopCapDrops=6 relayGreedyDeadEndDrops=1888 leafBufferOverflowDrops=569 chBufferOverflowDrops=0 flushNoCHExistsEvents=0 flushGreedyDeadEndEvents=0 staleCHDeliveries=0 deadTargetDeliveries=0 strandedAtNeverVisitedCH=104 strandedAtVisitedCH(notYetFlushed)=0 macTxDrops=0 macRxDrops=0 phyTxDrops=0 phyRxDrops=135592 ipv4Drops=0 arpL3Drops=0 arpCacheDrops=0 accountedSumVsRelayHopSends=137612/9638
=== ON seed=7 scheme=IAGAPC-Enhanced Sat Aug  8 19:32:18 IST 2026 ===
[TOURTARGET] numWaypoints=8 tourTimeTargetS=201.497 simTime(3x)=604.491
[CONTACT] scheme=IAGAPC-Enhanced n=200 avgContactSecPerNode=288.985 avgWindowsPerNode=17.61 nodesWithZeroContact=44/200 totalFlushEvents=8313 avgPktsPerFlush=1.15301 tourTimeS=223.3 fndTimeS=-1 noPathLastRound=183 hopCapExceededDrops=2206 chCountFinalRound=6 chEverContactedBySink=20
[LOSSBREAKDOWN] scheme=IAGAPC-Enhanced packetsBufferedSent(firstHop)=9585 relayHopSends=10399 packetsReceived=9 relayTrueHopCapDrops=0 relayGreedyDeadEndDrops=2206 leafBufferOverflowDrops=475 chBufferOverflowDrops=0 flushNoCHExistsEvents=0 flushGreedyDeadEndEvents=0 staleCHDeliveries=9 deadTargetDeliveries=0 strandedAtNeverVisitedCH=60 strandedAtVisitedCH(notYetFlushed)=0 macTxDrops=0 macRxDrops=0 phyTxDrops=4 phyRxDrops=113743 ipv4Drops=0 arpL3Drops=0 arpCacheDrops=0 accountedSumVsRelayHopSends=116022/10399
=== ON seed=7 scheme=AGAPC Sat Aug  8 19:32:25 IST 2026 ===
[TOURTARGET] numWaypoints=8 tourTimeTargetS=201.497 simTime(3x)=604.491
[CONTACT] scheme=AGAPC n=200 avgContactSecPerNode=288.95 avgWindowsPerNode=17.405 nodesWithZeroContact=45/200 totalFlushEvents=8276 avgPktsPerFlush=1.15116 tourTimeS=155.561 fndTimeS=-1 noPathLastRound=187 hopCapExceededDrops=2195 chCountFinalRound=3 chEverContactedBySink=12
[LOSSBREAKDOWN] scheme=AGAPC packetsBufferedSent(firstHop)=9527 relayHopSends=10285 packetsReceived=19 relayTrueHopCapDrops=0 relayGreedyDeadEndDrops=2195 leafBufferOverflowDrops=493 chBufferOverflowDrops=0 flushNoCHExistsEvents=0 flushGreedyDeadEndEvents=0 staleCHDeliveries=10 deadTargetDeliveries=0 strandedAtNeverVisitedCH=3 strandedAtVisitedCH(notYetFlushed)=0 macTxDrops=0 macRxDrops=0 phyTxDrops=1 phyRxDrops=113371 ipv4Drops=0 arpL3Drops=0 arpCacheDrops=0 accountedSumVsRelayHopSends=115589/10285
=== ON seed=7 scheme=EGATS-N Sat Aug  8 19:32:31 IST 2026 ===
[TOURTARGET] numWaypoints=8 tourTimeTargetS=201.497 simTime(3x)=604.491
[CONTACT] scheme=EGATS-N n=200 avgContactSecPerNode=289.63 avgWindowsPerNode=17.02 nodesWithZeroContact=45/200 totalFlushEvents=8285 avgPktsPerFlush=1.15329 tourTimeS=91.3027 fndTimeS=-1 noPathLastRound=180 hopCapExceededDrops=2221 chCountFinalRound=5 chEverContactedBySink=22
[LOSSBREAKDOWN] scheme=EGATS-N packetsBufferedSent(firstHop)=9555 relayHopSends=10329 packetsReceived=8 relayTrueHopCapDrops=0 relayGreedyDeadEndDrops=2221 leafBufferOverflowDrops=489 chBufferOverflowDrops=0 flushNoCHExistsEvents=0 flushGreedyDeadEndEvents=0 staleCHDeliveries=9 deadTargetDeliveries=0 strandedAtNeverVisitedCH=106 strandedAtVisitedCH(notYetFlushed)=0 macTxDrops=0 macRxDrops=0 phyTxDrops=4 phyRxDrops=114728 ipv4Drops=0 arpL3Drops=0 arpCacheDrops=0 accountedSumVsRelayHopSends=117067/10329
=== ON seed=7 scheme=RCGA-ABC Sat Aug  8 19:32:38 IST 2026 ===
[TOURTARGET] numWaypoints=8 tourTimeTargetS=201.497 simTime(3x)=604.491
[CONTACT] scheme=RCGA-ABC n=200 avgContactSecPerNode=282.01 avgWindowsPerNode=16.81 nodesWithZeroContact=48/200 totalFlushEvents=8143 avgPktsPerFlush=1.17414 tourTimeS=86.8887 fndTimeS=-1 noPathLastRound=194 hopCapExceededDrops=2227 chCountFinalRound=2 chEverContactedBySink=16
[LOSSBREAKDOWN] scheme=RCGA-ABC packetsBufferedSent(firstHop)=9561 relayHopSends=10305 packetsReceived=3 relayTrueHopCapDrops=0 relayGreedyDeadEndDrops=2227 leafBufferOverflowDrops=501 chBufferOverflowDrops=0 flushNoCHExistsEvents=0 flushGreedyDeadEndEvents=0 staleCHDeliveries=8 deadTargetDeliveries=0 strandedAtNeverVisitedCH=3 strandedAtVisitedCH(notYetFlushed)=0 macTxDrops=0 macRxDrops=0 phyTxDrops=4 phyRxDrops=114074 ipv4Drops=0 arpL3Drops=0 arpCacheDrops=0 accountedSumVsRelayHopSends=116311/10305
=== ON seed=7 scheme=DGA-M Sat Aug  8 19:32:44 IST 2026 ===
[TOURTARGET] numWaypoints=8 tourTimeTargetS=201.497 simTime(3x)=604.491
[CONTACT] scheme=DGA-M n=200 avgContactSecPerNode=287.435 avgWindowsPerNode=17.03 nodesWithZeroContact=44/200 totalFlushEvents=8191 avgPktsPerFlush=1.16628 tourTimeS=100.223 fndTimeS=-1 noPathLastRound=181 hopCapExceededDrops=2229 chCountFinalRound=7 chEverContactedBySink=23
[LOSSBREAKDOWN] scheme=DGA-M packetsBufferedSent(firstHop)=9553 relayHopSends=10373 packetsReceived=9 relayTrueHopCapDrops=0 relayGreedyDeadEndDrops=2229 leafBufferOverflowDrops=473 chBufferOverflowDrops=0 flushNoCHExistsEvents=0 flushGreedyDeadEndEvents=0 staleCHDeliveries=5 deadTargetDeliveries=0 strandedAtNeverVisitedCH=110 strandedAtVisitedCH(notYetFlushed)=0 macTxDrops=0 macRxDrops=0 phyTxDrops=3 phyRxDrops=115020 ipv4Drops=0 arpL3Drops=0 arpCacheDrops=0 accountedSumVsRelayHopSends=117371/10373
=== ON seed=7 scheme=CGAPD Sat Aug  8 19:32:51 IST 2026 ===
[TOURTARGET] numWaypoints=8 tourTimeTargetS=201.497 simTime(3x)=604.491
[CONTACT] scheme=CGAPD n=200 avgContactSecPerNode=286.965 avgWindowsPerNode=17.81 nodesWithZeroContact=47/200 totalFlushEvents=8246 avgPktsPerFlush=1.14831 tourTimeS=283.565 fndTimeS=-1 noPathLastRound=194 hopCapExceededDrops=2191 chCountFinalRound=3 chEverContactedBySink=22
[LOSSBREAKDOWN] scheme=CGAPD packetsBufferedSent(firstHop)=9469 relayHopSends=10277 packetsReceived=1 relayTrueHopCapDrops=0 relayGreedyDeadEndDrops=2191 leafBufferOverflowDrops=497 chBufferOverflowDrops=0 flushNoCHExistsEvents=0 flushGreedyDeadEndEvents=0 staleCHDeliveries=7 deadTargetDeliveries=0 strandedAtNeverVisitedCH=55 strandedAtVisitedCH(notYetFlushed)=0 macTxDrops=0 macRxDrops=0 phyTxDrops=4 phyRxDrops=113544 ipv4Drops=0 arpL3Drops=0 arpCacheDrops=0 accountedSumVsRelayHopSends=115795/10277
=== ON seed=8 scheme=IAGAPC-Enhanced Sat Aug  8 19:32:57 IST 2026 ===
[TOURTARGET] numWaypoints=8 tourTimeTargetS=201.497 simTime(3x)=604.491
[CONTACT] scheme=IAGAPC-Enhanced n=200 avgContactSecPerNode=285.695 avgWindowsPerNode=17.77 nodesWithZeroContact=45/200 totalFlushEvents=8318 avgPktsPerFlush=1.1635 tourTimeS=144.922 fndTimeS=-1 noPathLastRound=185 hopCapExceededDrops=2223 chCountFinalRound=6 chEverContactedBySink=16
[LOSSBREAKDOWN] scheme=IAGAPC-Enhanced packetsBufferedSent(firstHop)=9678 relayHopSends=10076 packetsReceived=10 relayTrueHopCapDrops=0 relayGreedyDeadEndDrops=2223 leafBufferOverflowDrops=480 chBufferOverflowDrops=0 flushNoCHExistsEvents=0 flushGreedyDeadEndEvents=0 staleCHDeliveries=0 deadTargetDeliveries=0 strandedAtNeverVisitedCH=64 strandedAtVisitedCH(notYetFlushed)=0 macTxDrops=0 macRxDrops=0 phyTxDrops=26 phyRxDrops=125740 ipv4Drops=0 arpL3Drops=0 arpCacheDrops=0 accountedSumVsRelayHopSends=128063/10076
=== ON seed=8 scheme=AGAPC Sat Aug  8 19:33:04 IST 2026 ===
[TOURTARGET] numWaypoints=8 tourTimeTargetS=201.497 simTime(3x)=604.491
[CONTACT] scheme=AGAPC n=200 avgContactSecPerNode=288.745 avgWindowsPerNode=17.935 nodesWithZeroContact=42/200 totalFlushEvents=8406 avgPktsPerFlush=1.15846 tourTimeS=72.9308 fndTimeS=-1 noPathLastRound=179 hopCapExceededDrops=2269 chCountFinalRound=7 chEverContactedBySink=21
[LOSSBREAKDOWN] scheme=AGAPC packetsBufferedSent(firstHop)=9738 relayHopSends=10076 packetsReceived=4 relayTrueHopCapDrops=0 relayGreedyDeadEndDrops=2269 leafBufferOverflowDrops=464 chBufferOverflowDrops=0 flushNoCHExistsEvents=0 flushGreedyDeadEndEvents=0 staleCHDeliveries=0 deadTargetDeliveries=0 strandedAtNeverVisitedCH=61 strandedAtVisitedCH(notYetFlushed)=0 macTxDrops=0 macRxDrops=0 phyTxDrops=27 phyRxDrops=125847 ipv4Drops=0 arpL3Drops=0 arpCacheDrops=0 accountedSumVsRelayHopSends=128208/10076
=== ON seed=8 scheme=EGATS-N Sat Aug  8 19:33:10 IST 2026 ===
[TOURTARGET] numWaypoints=8 tourTimeTargetS=201.497 simTime(3x)=604.491
[CONTACT] scheme=EGATS-N n=200 avgContactSecPerNode=290.985 avgWindowsPerNode=17.72 nodesWithZeroContact=43/200 totalFlushEvents=8430 avgPktsPerFlush=1.15813 tourTimeS=57.2206 fndTimeS=-1 noPathLastRound=175 hopCapExceededDrops=2269 chCountFinalRound=8 chEverContactedBySink=16
[LOSSBREAKDOWN] scheme=EGATS-N packetsBufferedSent(firstHop)=9763 relayHopSends=10123 packetsReceived=10 relayTrueHopCapDrops=0 relayGreedyDeadEndDrops=2269 leafBufferOverflowDrops=460 chBufferOverflowDrops=0 flushNoCHExistsEvents=0 flushGreedyDeadEndEvents=0 staleCHDeliveries=0 deadTargetDeliveries=0 strandedAtNeverVisitedCH=62 strandedAtVisitedCH(notYetFlushed)=0 macTxDrops=0 macRxDrops=0 phyTxDrops=26 phyRxDrops=126895 ipv4Drops=0 arpL3Drops=0 arpCacheDrops=0 accountedSumVsRelayHopSends=129262/10123
=== ON seed=8 scheme=RCGA-ABC Sat Aug  8 19:33:16 IST 2026 ===
[TOURTARGET] numWaypoints=8 tourTimeTargetS=201.497 simTime(3x)=604.491
[CONTACT] scheme=RCGA-ABC n=200 avgContactSecPerNode=292.915 avgWindowsPerNode=18.05 nodesWithZeroContact=42/200 totalFlushEvents=8449 avgPktsPerFlush=1.14878 tourTimeS=55.0655 fndTimeS=-1 noPathLastRound=195 hopCapExceededDrops=2237 chCountFinalRound=3 chEverContactedBySink=12
[LOSSBREAKDOWN] scheme=RCGA-ABC packetsBufferedSent(firstHop)=9706 relayHopSends=10066 packetsReceived=7 relayTrueHopCapDrops=0 relayGreedyDeadEndDrops=2237 leafBufferOverflowDrops=465 chBufferOverflowDrops=0 flushNoCHExistsEvents=0 flushGreedyDeadEndEvents=0 staleCHDeliveries=0 deadTargetDeliveries=0 strandedAtNeverVisitedCH=106 strandedAtVisitedCH(notYetFlushed)=0 macTxDrops=0 macRxDrops=0 phyTxDrops=21 phyRxDrops=127159 ipv4Drops=0 arpL3Drops=0 arpCacheDrops=0 accountedSumVsRelayHopSends=129530/10066
=== ON seed=8 scheme=DGA-M Sat Aug  8 19:33:23 IST 2026 ===
[TOURTARGET] numWaypoints=8 tourTimeTargetS=201.497 simTime(3x)=604.491
[CONTACT] scheme=DGA-M n=200 avgContactSecPerNode=283.685 avgWindowsPerNode=17.46 nodesWithZeroContact=44/200 totalFlushEvents=8282 avgPktsPerFlush=1.17073 tourTimeS=65.0717 fndTimeS=-1 noPathLastRound=185 hopCapExceededDrops=2280 chCountFinalRound=5 chEverContactedBySink=22
[LOSSBREAKDOWN] scheme=DGA-M packetsBufferedSent(firstHop)=9696 relayHopSends=10082 packetsReceived=4 relayTrueHopCapDrops=0 relayGreedyDeadEndDrops=2280 leafBufferOverflowDrops=469 chBufferOverflowDrops=0 flushNoCHExistsEvents=0 flushGreedyDeadEndEvents=0 staleCHDeliveries=0 deadTargetDeliveries=0 strandedAtNeverVisitedCH=107 strandedAtVisitedCH(notYetFlushed)=0 macTxDrops=0 macRxDrops=0 phyTxDrops=25 phyRxDrops=128302 ipv4Drops=0 arpL3Drops=0 arpCacheDrops=0 accountedSumVsRelayHopSends=130718/10082
=== ON seed=8 scheme=CGAPD Sat Aug  8 19:33:29 IST 2026 ===
[TOURTARGET] numWaypoints=8 tourTimeTargetS=201.497 simTime(3x)=604.491
[CONTACT] scheme=CGAPD n=200 avgContactSecPerNode=290.435 avgWindowsPerNode=17.29 nodesWithZeroContact=44/200 totalFlushEvents=8317 avgPktsPerFlush=1.17182 tourTimeS=282.026 fndTimeS=-1 noPathLastRound=174 hopCapExceededDrops=2274 chCountFinalRound=8 chEverContactedBySink=19
[LOSSBREAKDOWN] scheme=CGAPD packetsBufferedSent(firstHop)=9746 relayHopSends=10110 packetsReceived=0 relayTrueHopCapDrops=0 relayGreedyDeadEndDrops=2274 leafBufferOverflowDrops=461 chBufferOverflowDrops=0 flushNoCHExistsEvents=0 flushGreedyDeadEndEvents=0 staleCHDeliveries=0 deadTargetDeliveries=0 strandedAtNeverVisitedCH=113 strandedAtVisitedCH(notYetFlushed)=0 macTxDrops=0 macRxDrops=0 phyTxDrops=25 phyRxDrops=126629 ipv4Drops=0 arpL3Drops=0 arpCacheDrops=0 accountedSumVsRelayHopSends=129041/10110
=== ON seed=9 scheme=IAGAPC-Enhanced Sat Aug  8 19:33:35 IST 2026 ===
[TOURTARGET] numWaypoints=8 tourTimeTargetS=201.497 simTime(3x)=604.491
[CONTACT] scheme=IAGAPC-Enhanced n=200 avgContactSecPerNode=264.5 avgWindowsPerNode=18.01 nodesWithZeroContact=49/200 totalFlushEvents=7955 avgPktsPerFlush=1.17146 tourTimeS=206.49 fndTimeS=-1 noPathLastRound=184 hopCapExceededDrops=2941 chCountFinalRound=5 chEverContactedBySink=24
[LOSSBREAKDOWN] scheme=IAGAPC-Enhanced packetsBufferedSent(firstHop)=9319 relayHopSends=9959 packetsReceived=5 relayTrueHopCapDrops=0 relayGreedyDeadEndDrops=2941 leafBufferOverflowDrops=548 chBufferOverflowDrops=0 flushNoCHExistsEvents=0 flushGreedyDeadEndEvents=0 staleCHDeliveries=0 deadTargetDeliveries=0 strandedAtNeverVisitedCH=9 strandedAtVisitedCH(notYetFlushed)=3 macTxDrops=0 macRxDrops=0 phyTxDrops=0 phyRxDrops=105363 ipv4Drops=0 arpL3Drops=0 arpCacheDrops=0 accountedSumVsRelayHopSends=108321/9959
=== ON seed=9 scheme=AGAPC Sat Aug  8 19:33:41 IST 2026 ===
[TOURTARGET] numWaypoints=8 tourTimeTargetS=201.497 simTime(3x)=604.491
[CONTACT] scheme=AGAPC n=200 avgContactSecPerNode=266.455 avgWindowsPerNode=17.925 nodesWithZeroContact=50/200 totalFlushEvents=7946 avgPktsPerFlush=1.17581 tourTimeS=61.8811 fndTimeS=-1 noPathLastRound=171 hopCapExceededDrops=2955 chCountFinalRound=9 chEverContactedBySink=12
[LOSSBREAKDOWN] scheme=AGAPC packetsBufferedSent(firstHop)=9343 relayHopSends=9957 packetsReceived=2 relayTrueHopCapDrops=0 relayGreedyDeadEndDrops=2955 leafBufferOverflowDrops=540 chBufferOverflowDrops=0 flushNoCHExistsEvents=0 flushGreedyDeadEndEvents=0 staleCHDeliveries=0 deadTargetDeliveries=0 strandedAtNeverVisitedCH=63 strandedAtVisitedCH(notYetFlushed)=0 macTxDrops=0 macRxDrops=0 phyTxDrops=0 phyRxDrops=105201 ipv4Drops=0 arpL3Drops=0 arpCacheDrops=0 accountedSumVsRelayHopSends=108221/9957
=== ON seed=9 scheme=EGATS-N Sat Aug  8 19:33:47 IST 2026 ===
[TOURTARGET] numWaypoints=8 tourTimeTargetS=201.497 simTime(3x)=604.491
[CONTACT] scheme=EGATS-N n=200 avgContactSecPerNode=271.09 avgWindowsPerNode=17.605 nodesWithZeroContact=51/200 totalFlushEvents=7962 avgPktsPerFlush=1.1624 tourTimeS=80.6774 fndTimeS=-1 noPathLastRound=189 hopCapExceededDrops=2845 chCountFinalRound=5 chEverContactedBySink=19
[LOSSBREAKDOWN] scheme=EGATS-N packetsBufferedSent(firstHop)=9255 relayHopSends=9829 packetsReceived=1 relayTrueHopCapDrops=0 relayGreedyDeadEndDrops=2845 leafBufferOverflowDrops=559 chBufferOverflowDrops=0 flushNoCHExistsEvents=0 flushGreedyDeadEndEvents=0 staleCHDeliveries=0 deadTargetDeliveries=0 strandedAtNeverVisitedCH=4 strandedAtVisitedCH(notYetFlushed)=51 macTxDrops=0 macRxDrops=0 phyTxDrops=0 phyRxDrops=105421 ipv4Drops=0 arpL3Drops=0 arpCacheDrops=0 accountedSumVsRelayHopSends=108322/9829
=== ON seed=9 scheme=RCGA-ABC Sat Aug  8 19:33:53 IST 2026 ===
[TOURTARGET] numWaypoints=8 tourTimeTargetS=201.497 simTime(3x)=604.491
[CONTACT] scheme=RCGA-ABC n=200 avgContactSecPerNode=263.095 avgWindowsPerNode=18.37 nodesWithZeroContact=51/200 totalFlushEvents=7906 avgPktsPerFlush=1.17379 tourTimeS=56.6977 fndTimeS=-1 noPathLastRound=183 hopCapExceededDrops=2862 chCountFinalRound=5 chEverContactedBySink=11
[LOSSBREAKDOWN] scheme=RCGA-ABC packetsBufferedSent(firstHop)=9280 relayHopSends=9886 packetsReceived=0 relayTrueHopCapDrops=0 relayGreedyDeadEndDrops=2862 leafBufferOverflowDrops=543 chBufferOverflowDrops=0 flushNoCHExistsEvents=0 flushGreedyDeadEndEvents=0 staleCHDeliveries=0 deadTargetDeliveries=0 strandedAtNeverVisitedCH=11 strandedAtVisitedCH(notYetFlushed)=0 macTxDrops=0 macRxDrops=0 phyTxDrops=0 phyRxDrops=104752 ipv4Drops=0 arpL3Drops=0 arpCacheDrops=0 accountedSumVsRelayHopSends=107625/9886
=== ON seed=9 scheme=DGA-M Sat Aug  8 19:33:59 IST 2026 ===
[TOURTARGET] numWaypoints=8 tourTimeTargetS=201.497 simTime(3x)=604.491
[CONTACT] scheme=DGA-M n=200 avgContactSecPerNode=268.755 avgWindowsPerNode=17.95 nodesWithZeroContact=50/200 totalFlushEvents=8005 avgPktsPerFlush=1.16615 tourTimeS=164.159 fndTimeS=-1 noPathLastRound=189 hopCapExceededDrops=2934 chCountFinalRound=4 chEverContactedBySink=17
[LOSSBREAKDOWN] scheme=DGA-M packetsBufferedSent(firstHop)=9335 relayHopSends=9921 packetsReceived=0 relayTrueHopCapDrops=0 relayGreedyDeadEndDrops=2934 leafBufferOverflowDrops=538 chBufferOverflowDrops=0 flushNoCHExistsEvents=0 flushGreedyDeadEndEvents=0 staleCHDeliveries=0 deadTargetDeliveries=0 strandedAtNeverVisitedCH=6 strandedAtVisitedCH(notYetFlushed)=0 macTxDrops=0 macRxDrops=0 phyTxDrops=0 phyRxDrops=105498 ipv4Drops=0 arpL3Drops=0 arpCacheDrops=0 accountedSumVsRelayHopSends=108438/9921
=== ON seed=9 scheme=CGAPD Sat Aug  8 19:34:05 IST 2026 ===
[TOURTARGET] numWaypoints=8 tourTimeTargetS=201.497 simTime(3x)=604.491
[CONTACT] scheme=CGAPD n=200 avgContactSecPerNode=266.72 avgWindowsPerNode=18.015 nodesWithZeroContact=44/200 totalFlushEvents=7935 avgPktsPerFlush=1.18173 tourTimeS=319.275 fndTimeS=-1 noPathLastRound=186 hopCapExceededDrops=2885 chCountFinalRound=5 chEverContactedBySink=30
[LOSSBREAKDOWN] scheme=CGAPD packetsBufferedSent(firstHop)=9377 relayHopSends=9975 packetsReceived=1 relayTrueHopCapDrops=0 relayGreedyDeadEndDrops=2885 leafBufferOverflowDrops=498 chBufferOverflowDrops=0 flushNoCHExistsEvents=0 flushGreedyDeadEndEvents=0 staleCHDeliveries=0 deadTargetDeliveries=0 strandedAtNeverVisitedCH=107 strandedAtVisitedCH(notYetFlushed)=0 macTxDrops=0 macRxDrops=0 phyTxDrops=0 phyRxDrops=105781 ipv4Drops=0 arpL3Drops=0 arpCacheDrops=0 accountedSumVsRelayHopSends=108774/9975
=== ON seed=10 scheme=IAGAPC-Enhanced Sat Aug  8 19:34:11 IST 2026 ===
[TOURTARGET] numWaypoints=8 tourTimeTargetS=201.497 simTime(3x)=604.491
[CONTACT] scheme=IAGAPC-Enhanced n=200 avgContactSecPerNode=297.065 avgWindowsPerNode=17.205 nodesWithZeroContact=44/200 totalFlushEvents=8427 avgPktsPerFlush=1.15047 tourTimeS=238.404 fndTimeS=-1 noPathLastRound=165 hopCapExceededDrops=2114 chCountFinalRound=10 chEverContactedBySink=19
[LOSSBREAKDOWN] scheme=IAGAPC-Enhanced packetsBufferedSent(firstHop)=9695 relayHopSends=10615 packetsReceived=4 relayTrueHopCapDrops=0 relayGreedyDeadEndDrops=2114 leafBufferOverflowDrops=463 chBufferOverflowDrops=0 flushNoCHExistsEvents=0 flushGreedyDeadEndEvents=0 staleCHDeliveries=0 deadTargetDeliveries=0 strandedAtNeverVisitedCH=114 strandedAtVisitedCH(notYetFlushed)=2 macTxDrops=0 macRxDrops=0 phyTxDrops=3 phyRxDrops=134056 ipv4Drops=0 arpL3Drops=0 arpCacheDrops=0 accountedSumVsRelayHopSends=136293/10615
=== ON seed=10 scheme=AGAPC Sat Aug  8 19:34:18 IST 2026 ===
[TOURTARGET] numWaypoints=8 tourTimeTargetS=201.497 simTime(3x)=604.491
[CONTACT] scheme=AGAPC n=200 avgContactSecPerNode=297.195 avgWindowsPerNode=16.86 nodesWithZeroContact=44/200 totalFlushEvents=8387 avgPktsPerFlush=1.16049 tourTimeS=106.03 fndTimeS=-1 noPathLastRound=159 hopCapExceededDrops=2089 chCountFinalRound=8 chEverContactedBySink=22
[LOSSBREAKDOWN] scheme=AGAPC packetsBufferedSent(firstHop)=9733 relayHopSends=10671 packetsReceived=16 relayTrueHopCapDrops=0 relayGreedyDeadEndDrops=2089 leafBufferOverflowDrops=470 chBufferOverflowDrops=0 flushNoCHExistsEvents=0 flushGreedyDeadEndEvents=0 staleCHDeliveries=0 deadTargetDeliveries=0 strandedAtNeverVisitedCH=14 strandedAtVisitedCH(notYetFlushed)=0 macTxDrops=0 macRxDrops=0 phyTxDrops=8 phyRxDrops=135129 ipv4Drops=0 arpL3Drops=0 arpCacheDrops=0 accountedSumVsRelayHopSends=137256/10671
=== ON seed=10 scheme=EGATS-N Sat Aug  8 19:34:24 IST 2026 ===
[TOURTARGET] numWaypoints=8 tourTimeTargetS=201.497 simTime(3x)=604.491
[CONTACT] scheme=EGATS-N n=200 avgContactSecPerNode=298.085 avgWindowsPerNode=17.05 nodesWithZeroContact=42/200 totalFlushEvents=8397 avgPktsPerFlush=1.1547 tourTimeS=64.5091 fndTimeS=-1 noPathLastRound=173 hopCapExceededDrops=2076 chCountFinalRound=6 chEverContactedBySink=21
[LOSSBREAKDOWN] scheme=EGATS-N packetsBufferedSent(firstHop)=9696 relayHopSends=10660 packetsReceived=7 relayTrueHopCapDrops=0 relayGreedyDeadEndDrops=2076 leafBufferOverflowDrops=471 chBufferOverflowDrops=0 flushNoCHExistsEvents=0 flushGreedyDeadEndEvents=0 staleCHDeliveries=0 deadTargetDeliveries=0 strandedAtNeverVisitedCH=54 strandedAtVisitedCH(notYetFlushed)=0 macTxDrops=0 macRxDrops=0 phyTxDrops=4 phyRxDrops=135506 ipv4Drops=0 arpL3Drops=0 arpCacheDrops=0 accountedSumVsRelayHopSends=137647/10660
=== ON seed=10 scheme=RCGA-ABC Sat Aug  8 19:34:31 IST 2026 ===
[TOURTARGET] numWaypoints=8 tourTimeTargetS=201.497 simTime(3x)=604.491
[CONTACT] scheme=RCGA-ABC n=200 avgContactSecPerNode=293.84 avgWindowsPerNode=17.31 nodesWithZeroContact=43/200 totalFlushEvents=8369 avgPktsPerFlush=1.16633 tourTimeS=147.643 fndTimeS=-1 noPathLastRound=170 hopCapExceededDrops=2131 chCountFinalRound=6 chEverContactedBySink=25
[LOSSBREAKDOWN] scheme=RCGA-ABC packetsBufferedSent(firstHop)=9761 relayHopSends=10689 packetsReceived=0 relayTrueHopCapDrops=0 relayGreedyDeadEndDrops=2131 leafBufferOverflowDrops=467 chBufferOverflowDrops=0 flushNoCHExistsEvents=0 flushGreedyDeadEndEvents=0 staleCHDeliveries=0 deadTargetDeliveries=0 strandedAtNeverVisitedCH=6 strandedAtVisitedCH(notYetFlushed)=1 macTxDrops=0 macRxDrops=0 phyTxDrops=5 phyRxDrops=135959 ipv4Drops=0 arpL3Drops=0 arpCacheDrops=0 accountedSumVsRelayHopSends=138102/10689
=== ON seed=10 scheme=DGA-M Sat Aug  8 19:34:37 IST 2026 ===
[TOURTARGET] numWaypoints=8 tourTimeTargetS=201.497 simTime(3x)=604.491
[CONTACT] scheme=DGA-M n=200 avgContactSecPerNode=296.515 avgWindowsPerNode=16.855 nodesWithZeroContact=42/200 totalFlushEvents=8331 avgPktsPerFlush=1.17537 tourTimeS=93.8384 fndTimeS=-1 noPathLastRound=199 hopCapExceededDrops=2137 chCountFinalRound=1 chEverContactedBySink=17
[LOSSBREAKDOWN] scheme=DGA-M packetsBufferedSent(firstHop)=9792 relayHopSends=10688 packetsReceived=7 relayTrueHopCapDrops=0 relayGreedyDeadEndDrops=2137 leafBufferOverflowDrops=445 chBufferOverflowDrops=0 flushNoCHExistsEvents=0 flushGreedyDeadEndEvents=0 staleCHDeliveries=0 deadTargetDeliveries=0 strandedAtNeverVisitedCH=51 strandedAtVisitedCH(notYetFlushed)=0 macTxDrops=0 macRxDrops=0 phyTxDrops=7 phyRxDrops=134485 ipv4Drops=0 arpL3Drops=0 arpCacheDrops=0 accountedSumVsRelayHopSends=136687/10688
=== ON seed=10 scheme=CGAPD Sat Aug  8 19:34:44 IST 2026 ===
[TOURTARGET] numWaypoints=8 tourTimeTargetS=201.497 simTime(3x)=604.491
[CONTACT] scheme=CGAPD n=200 avgContactSecPerNode=301.48 avgWindowsPerNode=17.405 nodesWithZeroContact=40/200 totalFlushEvents=8485 avgPktsPerFlush=1.16217 tourTimeS=273.265 fndTimeS=-1 noPathLastRound=154 hopCapExceededDrops=2018 chCountFinalRound=8 chEverContactedBySink=28
[LOSSBREAKDOWN] scheme=CGAPD packetsBufferedSent(firstHop)=9861 relayHopSends=10781 packetsReceived=0 relayTrueHopCapDrops=0 relayGreedyDeadEndDrops=2018 leafBufferOverflowDrops=417 chBufferOverflowDrops=0 flushNoCHExistsEvents=0 flushGreedyDeadEndEvents=0 staleCHDeliveries=0 deadTargetDeliveries=0 strandedAtNeverVisitedCH=108 strandedAtVisitedCH(notYetFlushed)=5 macTxDrops=0 macRxDrops=0 phyTxDrops=5 phyRxDrops=136379 ipv4Drops=0 arpL3Drops=0 arpCacheDrops=0 accountedSumVsRelayHopSends=138515/10781
=== BASE_DONE Sat Aug  8 19:34:50 IST 2026 ===
=== OFF seed=1 scheme=IAGAPC-Enhanced Sat Aug  8 19:34:50 IST 2026 ===
[TOURTARGET] numWaypoints=8 tourTimeTargetS=201.497 simTime(3x)=604.491
[CONTACT] scheme=IAGAPC-Enhanced n=200 avgContactSecPerNode=0 avgWindowsPerNode=0 nodesWithZeroContact=200/200 totalFlushEvents=0 avgPktsPerFlush=0 tourTimeS=250.925 fndTimeS=-1 noPathLastRound=180 hopCapExceededDrops=0 chCountFinalRound=6 chEverContactedBySink=0
[LOSSBREAKDOWN] scheme=IAGAPC-Enhanced packetsBufferedSent(firstHop)=0 relayHopSends=0 packetsReceived=0 relayTrueHopCapDrops=0 relayGreedyDeadEndDrops=0 leafBufferOverflowDrops=2103 chBufferOverflowDrops=0 flushNoCHExistsEvents=0 flushGreedyDeadEndEvents=0 staleCHDeliveries=0 deadTargetDeliveries=0 strandedAtNeverVisitedCH=306 strandedAtVisitedCH(notYetFlushed)=0 macTxDrops=0 macRxDrops=0 phyTxDrops=0 phyRxDrops=0 ipv4Drops=0 arpL3Drops=0 arpCacheDrops=0 accountedSumVsRelayHopSends=306/0
=== OFF seed=1 scheme=AGAPC Sat Aug  8 19:34:51 IST 2026 ===
[TOURTARGET] numWaypoints=8 tourTimeTargetS=201.497 simTime(3x)=604.491
[CONTACT] scheme=AGAPC n=200 avgContactSecPerNode=0 avgWindowsPerNode=0 nodesWithZeroContact=200/200 totalFlushEvents=0 avgPktsPerFlush=0 tourTimeS=119.325 fndTimeS=-1 noPathLastRound=169 hopCapExceededDrops=0 chCountFinalRound=11 chEverContactedBySink=0
[LOSSBREAKDOWN] scheme=AGAPC packetsBufferedSent(firstHop)=0 relayHopSends=0 packetsReceived=0 relayTrueHopCapDrops=0 relayGreedyDeadEndDrops=0 leafBufferOverflowDrops=2093 chBufferOverflowDrops=0 flushNoCHExistsEvents=0 flushGreedyDeadEndEvents=0 staleCHDeliveries=0 deadTargetDeliveries=0 strandedAtNeverVisitedCH=561 strandedAtVisitedCH(notYetFlushed)=0 macTxDrops=0 macRxDrops=0 phyTxDrops=0 phyRxDrops=0 ipv4Drops=0 arpL3Drops=0 arpCacheDrops=0 accountedSumVsRelayHopSends=561/0
=== OFF seed=1 scheme=EGATS-N Sat Aug  8 19:34:52 IST 2026 ===
[TOURTARGET] numWaypoints=8 tourTimeTargetS=201.497 simTime(3x)=604.491
[CONTACT] scheme=EGATS-N n=200 avgContactSecPerNode=0 avgWindowsPerNode=0 nodesWithZeroContact=200/200 totalFlushEvents=0 avgPktsPerFlush=0 tourTimeS=106.289 fndTimeS=-1 noPathLastRound=185 hopCapExceededDrops=0 chCountFinalRound=5 chEverContactedBySink=0
[LOSSBREAKDOWN] scheme=EGATS-N packetsBufferedSent(firstHop)=0 relayHopSends=0 packetsReceived=0 relayTrueHopCapDrops=0 relayGreedyDeadEndDrops=0 leafBufferOverflowDrops=2107 chBufferOverflowDrops=0 flushNoCHExistsEvents=0 flushGreedyDeadEndEvents=0 staleCHDeliveries=0 deadTargetDeliveries=0 strandedAtNeverVisitedCH=255 strandedAtVisitedCH(notYetFlushed)=0 macTxDrops=0 macRxDrops=0 phyTxDrops=0 phyRxDrops=0 ipv4Drops=0 arpL3Drops=0 arpCacheDrops=0 accountedSumVsRelayHopSends=255/0
=== OFF seed=1 scheme=RCGA-ABC Sat Aug  8 19:34:53 IST 2026 ===
[TOURTARGET] numWaypoints=8 tourTimeTargetS=201.497 simTime(3x)=604.491
[CONTACT] scheme=RCGA-ABC n=200 avgContactSecPerNode=0 avgWindowsPerNode=0 nodesWithZeroContact=200/200 totalFlushEvents=0 avgPktsPerFlush=0 tourTimeS=69.0082 fndTimeS=-1 noPathLastRound=175 hopCapExceededDrops=0 chCountFinalRound=5 chEverContactedBySink=0
[LOSSBREAKDOWN] scheme=RCGA-ABC packetsBufferedSent(firstHop)=0 relayHopSends=0 packetsReceived=0 relayTrueHopCapDrops=0 relayGreedyDeadEndDrops=0 leafBufferOverflowDrops=2113 chBufferOverflowDrops=0 flushNoCHExistsEvents=0 flushGreedyDeadEndEvents=0 staleCHDeliveries=0 deadTargetDeliveries=0 strandedAtNeverVisitedCH=255 strandedAtVisitedCH(notYetFlushed)=0 macTxDrops=0 macRxDrops=0 phyTxDrops=0 phyRxDrops=0 ipv4Drops=0 arpL3Drops=0 arpCacheDrops=0 accountedSumVsRelayHopSends=255/0
=== OFF seed=1 scheme=DGA-M Sat Aug  8 19:34:54 IST 2026 ===
[TOURTARGET] numWaypoints=8 tourTimeTargetS=201.497 simTime(3x)=604.491
[CONTACT] scheme=DGA-M n=200 avgContactSecPerNode=0 avgWindowsPerNode=0 nodesWithZeroContact=200/200 totalFlushEvents=0 avgPktsPerFlush=0 tourTimeS=136.802 fndTimeS=-1 noPathLastRound=156 hopCapExceededDrops=0 chCountFinalRound=10 chEverContactedBySink=0
[LOSSBREAKDOWN] scheme=DGA-M packetsBufferedSent(firstHop)=0 relayHopSends=0 packetsReceived=0 relayTrueHopCapDrops=0 relayGreedyDeadEndDrops=0 leafBufferOverflowDrops=2093 chBufferOverflowDrops=0 flushNoCHExistsEvents=0 flushGreedyDeadEndEvents=0 staleCHDeliveries=0 deadTargetDeliveries=0 strandedAtNeverVisitedCH=510 strandedAtVisitedCH(notYetFlushed)=0 macTxDrops=0 macRxDrops=0 phyTxDrops=0 phyRxDrops=0 ipv4Drops=0 arpL3Drops=0 arpCacheDrops=0 accountedSumVsRelayHopSends=510/0
=== OFF seed=1 scheme=CGAPD Sat Aug  8 19:34:54 IST 2026 ===
[TOURTARGET] numWaypoints=8 tourTimeTargetS=201.497 simTime(3x)=604.491
[CONTACT] scheme=CGAPD n=200 avgContactSecPerNode=0 avgWindowsPerNode=0 nodesWithZeroContact=200/200 totalFlushEvents=0 avgPktsPerFlush=0 tourTimeS=279.834 fndTimeS=-1 noPathLastRound=187 hopCapExceededDrops=0 chCountFinalRound=4 chEverContactedBySink=0
[LOSSBREAKDOWN] scheme=CGAPD packetsBufferedSent(firstHop)=0 relayHopSends=0 packetsReceived=0 relayTrueHopCapDrops=0 relayGreedyDeadEndDrops=0 leafBufferOverflowDrops=2114 chBufferOverflowDrops=0 flushNoCHExistsEvents=0 flushGreedyDeadEndEvents=0 staleCHDeliveries=0 deadTargetDeliveries=0 strandedAtNeverVisitedCH=204 strandedAtVisitedCH(notYetFlushed)=0 macTxDrops=0 macRxDrops=0 phyTxDrops=0 phyRxDrops=0 ipv4Drops=0 arpL3Drops=0 arpCacheDrops=0 accountedSumVsRelayHopSends=204/0
=== OFF seed=2 scheme=IAGAPC-Enhanced Sat Aug  8 19:34:55 IST 2026 ===
[TOURTARGET] numWaypoints=8 tourTimeTargetS=201.497 simTime(3x)=604.491
[CONTACT] scheme=IAGAPC-Enhanced n=200 avgContactSecPerNode=0 avgWindowsPerNode=0 nodesWithZeroContact=200/200 totalFlushEvents=0 avgPktsPerFlush=0 tourTimeS=290.768 fndTimeS=-1 noPathLastRound=181 hopCapExceededDrops=0 chCountFinalRound=6 chEverContactedBySink=0
[LOSSBREAKDOWN] scheme=IAGAPC-Enhanced packetsBufferedSent(firstHop)=0 relayHopSends=0 packetsReceived=0 relayTrueHopCapDrops=0 relayGreedyDeadEndDrops=0 leafBufferOverflowDrops=2093 chBufferOverflowDrops=0 flushNoCHExistsEvents=0 flushGreedyDeadEndEvents=0 staleCHDeliveries=0 deadTargetDeliveries=0 strandedAtNeverVisitedCH=305 strandedAtVisitedCH(notYetFlushed)=0 macTxDrops=0 macRxDrops=0 phyTxDrops=0 phyRxDrops=0 ipv4Drops=0 arpL3Drops=0 arpCacheDrops=0 accountedSumVsRelayHopSends=305/0
=== OFF seed=2 scheme=AGAPC Sat Aug  8 19:34:56 IST 2026 ===
[TOURTARGET] numWaypoints=8 tourTimeTargetS=201.497 simTime(3x)=604.491
[CONTACT] scheme=AGAPC n=200 avgContactSecPerNode=0 avgWindowsPerNode=0 nodesWithZeroContact=200/200 totalFlushEvents=0 avgPktsPerFlush=0 tourTimeS=85.6193 fndTimeS=-1 noPathLastRound=172 hopCapExceededDrops=0 chCountFinalRound=7 chEverContactedBySink=0
[LOSSBREAKDOWN] scheme=AGAPC packetsBufferedSent(firstHop)=0 relayHopSends=0 packetsReceived=0 relayTrueHopCapDrops=0 relayGreedyDeadEndDrops=0 leafBufferOverflowDrops=2103 chBufferOverflowDrops=0 flushNoCHExistsEvents=0 flushGreedyDeadEndEvents=0 staleCHDeliveries=0 deadTargetDeliveries=0 strandedAtNeverVisitedCH=357 strandedAtVisitedCH(notYetFlushed)=0 macTxDrops=0 macRxDrops=0 phyTxDrops=0 phyRxDrops=0 ipv4Drops=0 arpL3Drops=0 arpCacheDrops=0 accountedSumVsRelayHopSends=357/0
=== OFF seed=2 scheme=EGATS-N Sat Aug  8 19:34:57 IST 2026 ===
[TOURTARGET] numWaypoints=8 tourTimeTargetS=201.497 simTime(3x)=604.491
[CONTACT] scheme=EGATS-N n=200 avgContactSecPerNode=0 avgWindowsPerNode=0 nodesWithZeroContact=200/200 totalFlushEvents=0 avgPktsPerFlush=0 tourTimeS=124.892 fndTimeS=-1 noPathLastRound=167 hopCapExceededDrops=0 chCountFinalRound=12 chEverContactedBySink=0
[LOSSBREAKDOWN] scheme=EGATS-N packetsBufferedSent(firstHop)=0 relayHopSends=0 packetsReceived=0 relayTrueHopCapDrops=0 relayGreedyDeadEndDrops=0 leafBufferOverflowDrops=2091 chBufferOverflowDrops=0 flushNoCHExistsEvents=0 flushGreedyDeadEndEvents=0 staleCHDeliveries=0 deadTargetDeliveries=0 strandedAtNeverVisitedCH=611 strandedAtVisitedCH(notYetFlushed)=0 macTxDrops=0 macRxDrops=0 phyTxDrops=0 phyRxDrops=0 ipv4Drops=0 arpL3Drops=0 arpCacheDrops=0 accountedSumVsRelayHopSends=611/0
=== OFF seed=2 scheme=RCGA-ABC Sat Aug  8 19:34:58 IST 2026 ===
[TOURTARGET] numWaypoints=8 tourTimeTargetS=201.497 simTime(3x)=604.491
[CONTACT] scheme=RCGA-ABC n=200 avgContactSecPerNode=0 avgWindowsPerNode=0 nodesWithZeroContact=200/200 totalFlushEvents=0 avgPktsPerFlush=0 tourTimeS=117.729 fndTimeS=-1 noPathLastRound=176 hopCapExceededDrops=0 chCountFinalRound=5 chEverContactedBySink=0
[LOSSBREAKDOWN] scheme=RCGA-ABC packetsBufferedSent(firstHop)=0 relayHopSends=0 packetsReceived=0 relayTrueHopCapDrops=0 relayGreedyDeadEndDrops=0 leafBufferOverflowDrops=2102 chBufferOverflowDrops=0 flushNoCHExistsEvents=0 flushGreedyDeadEndEvents=0 staleCHDeliveries=0 deadTargetDeliveries=0 strandedAtNeverVisitedCH=254 strandedAtVisitedCH(notYetFlushed)=0 macTxDrops=0 macRxDrops=0 phyTxDrops=0 phyRxDrops=0 ipv4Drops=0 arpL3Drops=0 arpCacheDrops=0 accountedSumVsRelayHopSends=254/0
=== OFF seed=2 scheme=DGA-M Sat Aug  8 19:34:58 IST 2026 ===
[TOURTARGET] numWaypoints=8 tourTimeTargetS=201.497 simTime(3x)=604.491
[CONTACT] scheme=DGA-M n=200 avgContactSecPerNode=0 avgWindowsPerNode=0 nodesWithZeroContact=200/200 totalFlushEvents=0 avgPktsPerFlush=0 tourTimeS=131.296 fndTimeS=-1 noPathLastRound=188 hopCapExceededDrops=0 chCountFinalRound=4 chEverContactedBySink=0
[LOSSBREAKDOWN] scheme=DGA-M packetsBufferedSent(firstHop)=0 relayHopSends=0 packetsReceived=0 relayTrueHopCapDrops=0 relayGreedyDeadEndDrops=0 leafBufferOverflowDrops=2092 chBufferOverflowDrops=0 flushNoCHExistsEvents=0 flushGreedyDeadEndEvents=0 staleCHDeliveries=0 deadTargetDeliveries=0 strandedAtNeverVisitedCH=204 strandedAtVisitedCH(notYetFlushed)=0 macTxDrops=0 macRxDrops=0 phyTxDrops=0 phyRxDrops=0 ipv4Drops=0 arpL3Drops=0 arpCacheDrops=0 accountedSumVsRelayHopSends=204/0
=== OFF seed=2 scheme=CGAPD Sat Aug  8 19:34:59 IST 2026 ===
[TOURTARGET] numWaypoints=8 tourTimeTargetS=201.497 simTime(3x)=604.491
[CONTACT] scheme=CGAPD n=200 avgContactSecPerNode=0 avgWindowsPerNode=0 nodesWithZeroContact=200/200 totalFlushEvents=0 avgPktsPerFlush=0 tourTimeS=275.648 fndTimeS=-1 noPathLastRound=177 hopCapExceededDrops=0 chCountFinalRound=6 chEverContactedBySink=0
[LOSSBREAKDOWN] scheme=CGAPD packetsBufferedSent(firstHop)=0 relayHopSends=0 packetsReceived=0 relayTrueHopCapDrops=0 relayGreedyDeadEndDrops=0 leafBufferOverflowDrops=2104 chBufferOverflowDrops=0 flushNoCHExistsEvents=0 flushGreedyDeadEndEvents=0 staleCHDeliveries=0 deadTargetDeliveries=0 strandedAtNeverVisitedCH=304 strandedAtVisitedCH(notYetFlushed)=0 macTxDrops=0 macRxDrops=0 phyTxDrops=0 phyRxDrops=0 ipv4Drops=0 arpL3Drops=0 arpCacheDrops=0 accountedSumVsRelayHopSends=304/0
=== OFF seed=3 scheme=IAGAPC-Enhanced Sat Aug  8 19:35:00 IST 2026 ===
[TOURTARGET] numWaypoints=8 tourTimeTargetS=201.497 simTime(3x)=604.491
[CONTACT] scheme=IAGAPC-Enhanced n=200 avgContactSecPerNode=0 avgWindowsPerNode=0 nodesWithZeroContact=200/200 totalFlushEvents=0 avgPktsPerFlush=0 tourTimeS=178.603 fndTimeS=-1 noPathLastRound=175 hopCapExceededDrops=0 chCountFinalRound=6 chEverContactedBySink=0
[LOSSBREAKDOWN] scheme=IAGAPC-Enhanced packetsBufferedSent(firstHop)=0 relayHopSends=0 packetsReceived=0 relayTrueHopCapDrops=0 relayGreedyDeadEndDrops=0 leafBufferOverflowDrops=2105 chBufferOverflowDrops=0 flushNoCHExistsEvents=0 flushGreedyDeadEndEvents=0 staleCHDeliveries=0 deadTargetDeliveries=0 strandedAtNeverVisitedCH=305 strandedAtVisitedCH(notYetFlushed)=0 macTxDrops=0 macRxDrops=0 phyTxDrops=0 phyRxDrops=0 ipv4Drops=0 arpL3Drops=0 arpCacheDrops=0 accountedSumVsRelayHopSends=305/0
=== OFF seed=3 scheme=AGAPC Sat Aug  8 19:35:01 IST 2026 ===
[TOURTARGET] numWaypoints=8 tourTimeTargetS=201.497 simTime(3x)=604.491
[CONTACT] scheme=AGAPC n=200 avgContactSecPerNode=0 avgWindowsPerNode=0 nodesWithZeroContact=200/200 totalFlushEvents=0 avgPktsPerFlush=0 tourTimeS=90.839 fndTimeS=-1 noPathLastRound=181 hopCapExceededDrops=0 chCountFinalRound=5 chEverContactedBySink=0
[LOSSBREAKDOWN] scheme=AGAPC packetsBufferedSent(firstHop)=0 relayHopSends=0 packetsReceived=0 relayTrueHopCapDrops=0 relayGreedyDeadEndDrops=0 leafBufferOverflowDrops=2090 chBufferOverflowDrops=0 flushNoCHExistsEvents=0 flushGreedyDeadEndEvents=0 staleCHDeliveries=0 deadTargetDeliveries=0 strandedAtNeverVisitedCH=254 strandedAtVisitedCH(notYetFlushed)=0 macTxDrops=0 macRxDrops=0 phyTxDrops=0 phyRxDrops=0 ipv4Drops=0 arpL3Drops=0 arpCacheDrops=0 accountedSumVsRelayHopSends=254/0
=== OFF seed=3 scheme=EGATS-N Sat Aug  8 19:35:02 IST 2026 ===
[TOURTARGET] numWaypoints=8 tourTimeTargetS=201.497 simTime(3x)=604.491
[CONTACT] scheme=EGATS-N n=200 avgContactSecPerNode=0 avgWindowsPerNode=0 nodesWithZeroContact=200/200 totalFlushEvents=0 avgPktsPerFlush=0 tourTimeS=105.666 fndTimeS=-1 noPathLastRound=174 hopCapExceededDrops=0 chCountFinalRound=8 chEverContactedBySink=0
[LOSSBREAKDOWN] scheme=EGATS-N packetsBufferedSent(firstHop)=0 relayHopSends=0 packetsReceived=0 relayTrueHopCapDrops=0 relayGreedyDeadEndDrops=0 leafBufferOverflowDrops=2103 chBufferOverflowDrops=0 flushNoCHExistsEvents=0 flushGreedyDeadEndEvents=0 staleCHDeliveries=0 deadTargetDeliveries=0 strandedAtNeverVisitedCH=408 strandedAtVisitedCH(notYetFlushed)=0 macTxDrops=0 macRxDrops=0 phyTxDrops=0 phyRxDrops=0 ipv4Drops=0 arpL3Drops=0 arpCacheDrops=0 accountedSumVsRelayHopSends=408/0
=== OFF seed=3 scheme=RCGA-ABC Sat Aug  8 19:35:02 IST 2026 ===
[TOURTARGET] numWaypoints=8 tourTimeTargetS=201.497 simTime(3x)=604.491
[CONTACT] scheme=RCGA-ABC n=200 avgContactSecPerNode=0 avgWindowsPerNode=0 nodesWithZeroContact=200/200 totalFlushEvents=0 avgPktsPerFlush=0 tourTimeS=59.0332 fndTimeS=-1 noPathLastRound=182 hopCapExceededDrops=0 chCountFinalRound=4 chEverContactedBySink=0
[LOSSBREAKDOWN] scheme=RCGA-ABC packetsBufferedSent(firstHop)=0 relayHopSends=0 packetsReceived=0 relayTrueHopCapDrops=0 relayGreedyDeadEndDrops=0 leafBufferOverflowDrops=2096 chBufferOverflowDrops=0 flushNoCHExistsEvents=0 flushGreedyDeadEndEvents=0 staleCHDeliveries=0 deadTargetDeliveries=0 strandedAtNeverVisitedCH=203 strandedAtVisitedCH(notYetFlushed)=0 macTxDrops=0 macRxDrops=0 phyTxDrops=0 phyRxDrops=0 ipv4Drops=0 arpL3Drops=0 arpCacheDrops=0 accountedSumVsRelayHopSends=203/0
=== OFF seed=3 scheme=DGA-M Sat Aug  8 19:35:03 IST 2026 ===
[TOURTARGET] numWaypoints=8 tourTimeTargetS=201.497 simTime(3x)=604.491
[CONTACT] scheme=DGA-M n=200 avgContactSecPerNode=0 avgWindowsPerNode=0 nodesWithZeroContact=200/200 totalFlushEvents=0 avgPktsPerFlush=0 tourTimeS=149.139 fndTimeS=-1 noPathLastRound=171 hopCapExceededDrops=0 chCountFinalRound=7 chEverContactedBySink=0
[LOSSBREAKDOWN] scheme=DGA-M packetsBufferedSent(firstHop)=0 relayHopSends=0 packetsReceived=0 relayTrueHopCapDrops=0 relayGreedyDeadEndDrops=0 leafBufferOverflowDrops=2091 chBufferOverflowDrops=0 flushNoCHExistsEvents=0 flushGreedyDeadEndEvents=0 staleCHDeliveries=0 deadTargetDeliveries=0 strandedAtNeverVisitedCH=355 strandedAtVisitedCH(notYetFlushed)=0 macTxDrops=0 macRxDrops=0 phyTxDrops=0 phyRxDrops=0 ipv4Drops=0 arpL3Drops=0 arpCacheDrops=0 accountedSumVsRelayHopSends=355/0
=== OFF seed=3 scheme=CGAPD Sat Aug  8 19:35:04 IST 2026 ===
[TOURTARGET] numWaypoints=8 tourTimeTargetS=201.497 simTime(3x)=604.491
[CONTACT] scheme=CGAPD n=200 avgContactSecPerNode=0 avgWindowsPerNode=0 nodesWithZeroContact=200/200 totalFlushEvents=0 avgPktsPerFlush=0 tourTimeS=293.633 fndTimeS=-1 noPathLastRound=177 hopCapExceededDrops=0 chCountFinalRound=5 chEverContactedBySink=0
[LOSSBREAKDOWN] scheme=CGAPD packetsBufferedSent(firstHop)=0 relayHopSends=0 packetsReceived=0 relayTrueHopCapDrops=0 relayGreedyDeadEndDrops=0 leafBufferOverflowDrops=2104 chBufferOverflowDrops=0 flushNoCHExistsEvents=0 flushGreedyDeadEndEvents=0 staleCHDeliveries=0 deadTargetDeliveries=0 strandedAtNeverVisitedCH=255 strandedAtVisitedCH(notYetFlushed)=0 macTxDrops=0 macRxDrops=0 phyTxDrops=0 phyRxDrops=0 ipv4Drops=0 arpL3Drops=0 arpCacheDrops=0 accountedSumVsRelayHopSends=255/0
=== OFF seed=4 scheme=IAGAPC-Enhanced Sat Aug  8 19:35:05 IST 2026 ===
[TOURTARGET] numWaypoints=8 tourTimeTargetS=201.497 simTime(3x)=604.491
[CONTACT] scheme=IAGAPC-Enhanced n=200 avgContactSecPerNode=0 avgWindowsPerNode=0 nodesWithZeroContact=200/200 totalFlushEvents=0 avgPktsPerFlush=0 tourTimeS=250.882 fndTimeS=-1 noPathLastRound=174 hopCapExceededDrops=0 chCountFinalRound=8 chEverContactedBySink=0
[LOSSBREAKDOWN] scheme=IAGAPC-Enhanced packetsBufferedSent(firstHop)=0 relayHopSends=0 packetsReceived=0 relayTrueHopCapDrops=0 relayGreedyDeadEndDrops=0 leafBufferOverflowDrops=2106 chBufferOverflowDrops=0 flushNoCHExistsEvents=0 flushGreedyDeadEndEvents=0 staleCHDeliveries=0 deadTargetDeliveries=0 strandedAtNeverVisitedCH=407 strandedAtVisitedCH(notYetFlushed)=0 macTxDrops=0 macRxDrops=0 phyTxDrops=0 phyRxDrops=0 ipv4Drops=0 arpL3Drops=0 arpCacheDrops=0 accountedSumVsRelayHopSends=407/0
=== OFF seed=4 scheme=AGAPC Sat Aug  8 19:35:06 IST 2026 ===
[TOURTARGET] numWaypoints=8 tourTimeTargetS=201.497 simTime(3x)=604.491
[CONTACT] scheme=AGAPC n=200 avgContactSecPerNode=0 avgWindowsPerNode=0 nodesWithZeroContact=200/200 totalFlushEvents=0 avgPktsPerFlush=0 tourTimeS=144.748 fndTimeS=-1 noPathLastRound=178 hopCapExceededDrops=0 chCountFinalRound=4 chEverContactedBySink=0
[LOSSBREAKDOWN] scheme=AGAPC packetsBufferedSent(firstHop)=0 relayHopSends=0 packetsReceived=0 relayTrueHopCapDrops=0 relayGreedyDeadEndDrops=0 leafBufferOverflowDrops=2102 chBufferOverflowDrops=0 flushNoCHExistsEvents=0 flushGreedyDeadEndEvents=0 staleCHDeliveries=0 deadTargetDeliveries=0 strandedAtNeverVisitedCH=202 strandedAtVisitedCH(notYetFlushed)=0 macTxDrops=0 macRxDrops=0 phyTxDrops=0 phyRxDrops=0 ipv4Drops=0 arpL3Drops=0 arpCacheDrops=0 accountedSumVsRelayHopSends=202/0
=== OFF seed=4 scheme=EGATS-N Sat Aug  8 19:35:06 IST 2026 ===
[TOURTARGET] numWaypoints=8 tourTimeTargetS=201.497 simTime(3x)=604.491
[CONTACT] scheme=EGATS-N n=200 avgContactSecPerNode=0 avgWindowsPerNode=0 nodesWithZeroContact=200/200 totalFlushEvents=0 avgPktsPerFlush=0 tourTimeS=149.851 fndTimeS=-1 noPathLastRound=184 hopCapExceededDrops=0 chCountFinalRound=6 chEverContactedBySink=0
[LOSSBREAKDOWN] scheme=EGATS-N packetsBufferedSent(firstHop)=0 relayHopSends=0 packetsReceived=0 relayTrueHopCapDrops=0 relayGreedyDeadEndDrops=0 leafBufferOverflowDrops=2107 chBufferOverflowDrops=0 flushNoCHExistsEvents=0 flushGreedyDeadEndEvents=0 staleCHDeliveries=0 deadTargetDeliveries=0 strandedAtNeverVisitedCH=306 strandedAtVisitedCH(notYetFlushed)=0 macTxDrops=0 macRxDrops=0 phyTxDrops=0 phyRxDrops=0 ipv4Drops=0 arpL3Drops=0 arpCacheDrops=0 accountedSumVsRelayHopSends=306/0
=== OFF seed=4 scheme=RCGA-ABC Sat Aug  8 19:35:07 IST 2026 ===
[TOURTARGET] numWaypoints=8 tourTimeTargetS=201.497 simTime(3x)=604.491
[CONTACT] scheme=RCGA-ABC n=200 avgContactSecPerNode=0 avgWindowsPerNode=0 nodesWithZeroContact=200/200 totalFlushEvents=0 avgPktsPerFlush=0 tourTimeS=118.324 fndTimeS=-1 noPathLastRound=185 hopCapExceededDrops=0 chCountFinalRound=7 chEverContactedBySink=0
[LOSSBREAKDOWN] scheme=RCGA-ABC packetsBufferedSent(firstHop)=0 relayHopSends=0 packetsReceived=0 relayTrueHopCapDrops=0 relayGreedyDeadEndDrops=0 leafBufferOverflowDrops=2104 chBufferOverflowDrops=0 flushNoCHExistsEvents=0 flushGreedyDeadEndEvents=0 staleCHDeliveries=0 deadTargetDeliveries=0 strandedAtNeverVisitedCH=355 strandedAtVisitedCH(notYetFlushed)=0 macTxDrops=0 macRxDrops=0 phyTxDrops=0 phyRxDrops=0 ipv4Drops=0 arpL3Drops=0 arpCacheDrops=0 accountedSumVsRelayHopSends=355/0
=== OFF seed=4 scheme=DGA-M Sat Aug  8 19:35:08 IST 2026 ===
[TOURTARGET] numWaypoints=8 tourTimeTargetS=201.497 simTime(3x)=604.491
[CONTACT] scheme=DGA-M n=200 avgContactSecPerNode=0 avgWindowsPerNode=0 nodesWithZeroContact=200/200 totalFlushEvents=0 avgPktsPerFlush=0 tourTimeS=112.31 fndTimeS=-1 noPathLastRound=169 hopCapExceededDrops=0 chCountFinalRound=10 chEverContactedBySink=0
[LOSSBREAKDOWN] scheme=DGA-M packetsBufferedSent(firstHop)=0 relayHopSends=0 packetsReceived=0 relayTrueHopCapDrops=0 relayGreedyDeadEndDrops=0 leafBufferOverflowDrops=2096 chBufferOverflowDrops=0 flushNoCHExistsEvents=0 flushGreedyDeadEndEvents=0 staleCHDeliveries=0 deadTargetDeliveries=0 strandedAtNeverVisitedCH=510 strandedAtVisitedCH(notYetFlushed)=0 macTxDrops=0 macRxDrops=0 phyTxDrops=0 phyRxDrops=0 ipv4Drops=0 arpL3Drops=0 arpCacheDrops=0 accountedSumVsRelayHopSends=510/0
=== OFF seed=4 scheme=CGAPD Sat Aug  8 19:35:09 IST 2026 ===
[TOURTARGET] numWaypoints=8 tourTimeTargetS=201.497 simTime(3x)=604.491
[CONTACT] scheme=CGAPD n=200 avgContactSecPerNode=0 avgWindowsPerNode=0 nodesWithZeroContact=200/200 totalFlushEvents=0 avgPktsPerFlush=0 tourTimeS=269.394 fndTimeS=-1 noPathLastRound=187 hopCapExceededDrops=0 chCountFinalRound=3 chEverContactedBySink=0
[LOSSBREAKDOWN] scheme=CGAPD packetsBufferedSent(firstHop)=0 relayHopSends=0 packetsReceived=0 relayTrueHopCapDrops=0 relayGreedyDeadEndDrops=0 leafBufferOverflowDrops=2099 chBufferOverflowDrops=0 flushNoCHExistsEvents=0 flushGreedyDeadEndEvents=0 staleCHDeliveries=0 deadTargetDeliveries=0 strandedAtNeverVisitedCH=152 strandedAtVisitedCH(notYetFlushed)=0 macTxDrops=0 macRxDrops=0 phyTxDrops=0 phyRxDrops=0 ipv4Drops=0 arpL3Drops=0 arpCacheDrops=0 accountedSumVsRelayHopSends=152/0
=== OFF seed=5 scheme=IAGAPC-Enhanced Sat Aug  8 19:35:10 IST 2026 ===
[TOURTARGET] numWaypoints=8 tourTimeTargetS=201.497 simTime(3x)=604.491
[CONTACT] scheme=IAGAPC-Enhanced n=200 avgContactSecPerNode=0 avgWindowsPerNode=0 nodesWithZeroContact=200/200 totalFlushEvents=0 avgPktsPerFlush=0 tourTimeS=179.672 fndTimeS=-1 noPathLastRound=161 hopCapExceededDrops=0 chCountFinalRound=8 chEverContactedBySink=0
[LOSSBREAKDOWN] scheme=IAGAPC-Enhanced packetsBufferedSent(firstHop)=0 relayHopSends=0 packetsReceived=0 relayTrueHopCapDrops=0 relayGreedyDeadEndDrops=0 leafBufferOverflowDrops=2091 chBufferOverflowDrops=0 flushNoCHExistsEvents=0 flushGreedyDeadEndEvents=0 staleCHDeliveries=0 deadTargetDeliveries=0 strandedAtNeverVisitedCH=408 strandedAtVisitedCH(notYetFlushed)=0 macTxDrops=0 macRxDrops=0 phyTxDrops=0 phyRxDrops=0 ipv4Drops=0 arpL3Drops=0 arpCacheDrops=0 accountedSumVsRelayHopSends=408/0
=== OFF seed=5 scheme=AGAPC Sat Aug  8 19:35:10 IST 2026 ===
[TOURTARGET] numWaypoints=8 tourTimeTargetS=201.497 simTime(3x)=604.491
[CONTACT] scheme=AGAPC n=200 avgContactSecPerNode=0 avgWindowsPerNode=0 nodesWithZeroContact=200/200 totalFlushEvents=0 avgPktsPerFlush=0 tourTimeS=145.719 fndTimeS=-1 noPathLastRound=183 hopCapExceededDrops=0 chCountFinalRound=6 chEverContactedBySink=0
[LOSSBREAKDOWN] scheme=AGAPC packetsBufferedSent(firstHop)=0 relayHopSends=0 packetsReceived=0 relayTrueHopCapDrops=0 relayGreedyDeadEndDrops=0 leafBufferOverflowDrops=2112 chBufferOverflowDrops=0 flushNoCHExistsEvents=0 flushGreedyDeadEndEvents=0 staleCHDeliveries=0 deadTargetDeliveries=0 strandedAtNeverVisitedCH=306 strandedAtVisitedCH(notYetFlushed)=0 macTxDrops=0 macRxDrops=0 phyTxDrops=0 phyRxDrops=0 ipv4Drops=0 arpL3Drops=0 arpCacheDrops=0 accountedSumVsRelayHopSends=306/0
=== OFF seed=5 scheme=EGATS-N Sat Aug  8 19:35:11 IST 2026 ===
[TOURTARGET] numWaypoints=8 tourTimeTargetS=201.497 simTime(3x)=604.491
[CONTACT] scheme=EGATS-N n=200 avgContactSecPerNode=0 avgWindowsPerNode=0 nodesWithZeroContact=200/200 totalFlushEvents=0 avgPktsPerFlush=0 tourTimeS=169.715 fndTimeS=-1 noPathLastRound=167 hopCapExceededDrops=0 chCountFinalRound=11 chEverContactedBySink=0
[LOSSBREAKDOWN] scheme=EGATS-N packetsBufferedSent(firstHop)=0 relayHopSends=0 packetsReceived=0 relayTrueHopCapDrops=0 relayGreedyDeadEndDrops=0 leafBufferOverflowDrops=2097 chBufferOverflowDrops=0 flushNoCHExistsEvents=0 flushGreedyDeadEndEvents=0 staleCHDeliveries=0 deadTargetDeliveries=0 strandedAtNeverVisitedCH=561 strandedAtVisitedCH(notYetFlushed)=0 macTxDrops=0 macRxDrops=0 phyTxDrops=0 phyRxDrops=0 ipv4Drops=0 arpL3Drops=0 arpCacheDrops=0 accountedSumVsRelayHopSends=561/0
=== OFF seed=5 scheme=RCGA-ABC Sat Aug  8 19:35:12 IST 2026 ===
[TOURTARGET] numWaypoints=8 tourTimeTargetS=201.497 simTime(3x)=604.491
[CONTACT] scheme=RCGA-ABC n=200 avgContactSecPerNode=0 avgWindowsPerNode=0 nodesWithZeroContact=200/200 totalFlushEvents=0 avgPktsPerFlush=0 tourTimeS=64.249 fndTimeS=-1 noPathLastRound=183 hopCapExceededDrops=0 chCountFinalRound=6 chEverContactedBySink=0
[LOSSBREAKDOWN] scheme=RCGA-ABC packetsBufferedSent(firstHop)=0 relayHopSends=0 packetsReceived=0 relayTrueHopCapDrops=0 relayGreedyDeadEndDrops=0 leafBufferOverflowDrops=2106 chBufferOverflowDrops=0 flushNoCHExistsEvents=0 flushGreedyDeadEndEvents=0 staleCHDeliveries=0 deadTargetDeliveries=0 strandedAtNeverVisitedCH=304 strandedAtVisitedCH(notYetFlushed)=0 macTxDrops=0 macRxDrops=0 phyTxDrops=0 phyRxDrops=0 ipv4Drops=0 arpL3Drops=0 arpCacheDrops=0 accountedSumVsRelayHopSends=304/0
=== OFF seed=5 scheme=DGA-M Sat Aug  8 19:35:13 IST 2026 ===
[TOURTARGET] numWaypoints=8 tourTimeTargetS=201.497 simTime(3x)=604.491
[CONTACT] scheme=DGA-M n=200 avgContactSecPerNode=0 avgWindowsPerNode=0 nodesWithZeroContact=200/200 totalFlushEvents=0 avgPktsPerFlush=0 tourTimeS=103.619 fndTimeS=-1 noPathLastRound=180 hopCapExceededDrops=0 chCountFinalRound=4 chEverContactedBySink=0
[LOSSBREAKDOWN] scheme=DGA-M packetsBufferedSent(firstHop)=0 relayHopSends=0 packetsReceived=0 relayTrueHopCapDrops=0 relayGreedyDeadEndDrops=0 leafBufferOverflowDrops=2102 chBufferOverflowDrops=0 flushNoCHExistsEvents=0 flushGreedyDeadEndEvents=0 staleCHDeliveries=0 deadTargetDeliveries=0 strandedAtNeverVisitedCH=204 strandedAtVisitedCH(notYetFlushed)=0 macTxDrops=0 macRxDrops=0 phyTxDrops=0 phyRxDrops=0 ipv4Drops=0 arpL3Drops=0 arpCacheDrops=0 accountedSumVsRelayHopSends=204/0
=== OFF seed=5 scheme=CGAPD Sat Aug  8 19:35:14 IST 2026 ===
[TOURTARGET] numWaypoints=8 tourTimeTargetS=201.497 simTime(3x)=604.491
[CONTACT] scheme=CGAPD n=200 avgContactSecPerNode=0 avgWindowsPerNode=0 nodesWithZeroContact=200/200 totalFlushEvents=0 avgPktsPerFlush=0 tourTimeS=314.28 fndTimeS=-1 noPathLastRound=166 hopCapExceededDrops=0 chCountFinalRound=8 chEverContactedBySink=0
[LOSSBREAKDOWN] scheme=CGAPD packetsBufferedSent(firstHop)=0 relayHopSends=0 packetsReceived=0 relayTrueHopCapDrops=0 relayGreedyDeadEndDrops=0 leafBufferOverflowDrops=2093 chBufferOverflowDrops=0 flushNoCHExistsEvents=0 flushGreedyDeadEndEvents=0 staleCHDeliveries=0 deadTargetDeliveries=0 strandedAtNeverVisitedCH=408 strandedAtVisitedCH(notYetFlushed)=0 macTxDrops=0 macRxDrops=0 phyTxDrops=0 phyRxDrops=0 ipv4Drops=0 arpL3Drops=0 arpCacheDrops=0 accountedSumVsRelayHopSends=408/0
=== OFF seed=6 scheme=IAGAPC-Enhanced Sat Aug  8 19:35:14 IST 2026 ===
[TOURTARGET] numWaypoints=8 tourTimeTargetS=201.497 simTime(3x)=604.491
[CONTACT] scheme=IAGAPC-Enhanced n=200 avgContactSecPerNode=0 avgWindowsPerNode=0 nodesWithZeroContact=200/200 totalFlushEvents=0 avgPktsPerFlush=0 tourTimeS=277.817 fndTimeS=-1 noPathLastRound=188 hopCapExceededDrops=0 chCountFinalRound=3 chEverContactedBySink=0
[LOSSBREAKDOWN] scheme=IAGAPC-Enhanced packetsBufferedSent(firstHop)=0 relayHopSends=0 packetsReceived=0 relayTrueHopCapDrops=0 relayGreedyDeadEndDrops=0 leafBufferOverflowDrops=2109 chBufferOverflowDrops=0 flushNoCHExistsEvents=0 flushGreedyDeadEndEvents=0 staleCHDeliveries=0 deadTargetDeliveries=0 strandedAtNeverVisitedCH=153 strandedAtVisitedCH(notYetFlushed)=0 macTxDrops=0 macRxDrops=0 phyTxDrops=0 phyRxDrops=0 ipv4Drops=0 arpL3Drops=0 arpCacheDrops=0 accountedSumVsRelayHopSends=153/0
=== OFF seed=6 scheme=AGAPC Sat Aug  8 19:35:15 IST 2026 ===
[TOURTARGET] numWaypoints=8 tourTimeTargetS=201.497 simTime(3x)=604.491
[CONTACT] scheme=AGAPC n=200 avgContactSecPerNode=0 avgWindowsPerNode=0 nodesWithZeroContact=200/200 totalFlushEvents=0 avgPktsPerFlush=0 tourTimeS=115.597 fndTimeS=-1 noPathLastRound=187 hopCapExceededDrops=0 chCountFinalRound=5 chEverContactedBySink=0
[LOSSBREAKDOWN] scheme=AGAPC packetsBufferedSent(firstHop)=0 relayHopSends=0 packetsReceived=0 relayTrueHopCapDrops=0 relayGreedyDeadEndDrops=0 leafBufferOverflowDrops=2111 chBufferOverflowDrops=0 flushNoCHExistsEvents=0 flushGreedyDeadEndEvents=0 staleCHDeliveries=0 deadTargetDeliveries=0 strandedAtNeverVisitedCH=255 strandedAtVisitedCH(notYetFlushed)=0 macTxDrops=0 macRxDrops=0 phyTxDrops=0 phyRxDrops=0 ipv4Drops=0 arpL3Drops=0 arpCacheDrops=0 accountedSumVsRelayHopSends=255/0
=== OFF seed=6 scheme=EGATS-N Sat Aug  8 19:35:16 IST 2026 ===
[TOURTARGET] numWaypoints=8 tourTimeTargetS=201.497 simTime(3x)=604.491
[CONTACT] scheme=EGATS-N n=200 avgContactSecPerNode=0 avgWindowsPerNode=0 nodesWithZeroContact=200/200 totalFlushEvents=0 avgPktsPerFlush=0 tourTimeS=104.105 fndTimeS=-1 noPathLastRound=154 hopCapExceededDrops=0 chCountFinalRound=9 chEverContactedBySink=0
[LOSSBREAKDOWN] scheme=EGATS-N packetsBufferedSent(firstHop)=0 relayHopSends=0 packetsReceived=0 relayTrueHopCapDrops=0 relayGreedyDeadEndDrops=0 leafBufferOverflowDrops=2098 chBufferOverflowDrops=0 flushNoCHExistsEvents=0 flushGreedyDeadEndEvents=0 staleCHDeliveries=0 deadTargetDeliveries=0 strandedAtNeverVisitedCH=457 strandedAtVisitedCH(notYetFlushed)=0 macTxDrops=0 macRxDrops=0 phyTxDrops=0 phyRxDrops=0 ipv4Drops=0 arpL3Drops=0 arpCacheDrops=0 accountedSumVsRelayHopSends=457/0
=== OFF seed=6 scheme=RCGA-ABC Sat Aug  8 19:35:17 IST 2026 ===
[TOURTARGET] numWaypoints=8 tourTimeTargetS=201.497 simTime(3x)=604.491
[CONTACT] scheme=RCGA-ABC n=200 avgContactSecPerNode=0 avgWindowsPerNode=0 nodesWithZeroContact=200/200 totalFlushEvents=0 avgPktsPerFlush=0 tourTimeS=36.4665 fndTimeS=-1 noPathLastRound=170 hopCapExceededDrops=0 chCountFinalRound=9 chEverContactedBySink=0
[LOSSBREAKDOWN] scheme=RCGA-ABC packetsBufferedSent(firstHop)=0 relayHopSends=0 packetsReceived=0 relayTrueHopCapDrops=0 relayGreedyDeadEndDrops=0 leafBufferOverflowDrops=2109 chBufferOverflowDrops=0 flushNoCHExistsEvents=0 flushGreedyDeadEndEvents=0 staleCHDeliveries=0 deadTargetDeliveries=0 strandedAtNeverVisitedCH=457 strandedAtVisitedCH(notYetFlushed)=0 macTxDrops=0 macRxDrops=0 phyTxDrops=0 phyRxDrops=0 ipv4Drops=0 arpL3Drops=0 arpCacheDrops=0 accountedSumVsRelayHopSends=457/0
=== OFF seed=6 scheme=DGA-M Sat Aug  8 19:35:18 IST 2026 ===
[TOURTARGET] numWaypoints=8 tourTimeTargetS=201.497 simTime(3x)=604.491
[CONTACT] scheme=DGA-M n=200 avgContactSecPerNode=0 avgWindowsPerNode=0 nodesWithZeroContact=200/200 totalFlushEvents=0 avgPktsPerFlush=0 tourTimeS=105.365 fndTimeS=-1 noPathLastRound=193 hopCapExceededDrops=0 chCountFinalRound=2 chEverContactedBySink=0
[LOSSBREAKDOWN] scheme=DGA-M packetsBufferedSent(firstHop)=0 relayHopSends=0 packetsReceived=0 relayTrueHopCapDrops=0 relayGreedyDeadEndDrops=0 leafBufferOverflowDrops=2112 chBufferOverflowDrops=0 flushNoCHExistsEvents=0 flushGreedyDeadEndEvents=0 staleCHDeliveries=0 deadTargetDeliveries=0 strandedAtNeverVisitedCH=102 strandedAtVisitedCH(notYetFlushed)=0 macTxDrops=0 macRxDrops=0 phyTxDrops=0 phyRxDrops=0 ipv4Drops=0 arpL3Drops=0 arpCacheDrops=0 accountedSumVsRelayHopSends=102/0
=== OFF seed=6 scheme=CGAPD Sat Aug  8 19:35:18 IST 2026 ===
[TOURTARGET] numWaypoints=8 tourTimeTargetS=201.497 simTime(3x)=604.491
[CONTACT] scheme=CGAPD n=200 avgContactSecPerNode=0 avgWindowsPerNode=0 nodesWithZeroContact=200/200 totalFlushEvents=0 avgPktsPerFlush=0 tourTimeS=264.783 fndTimeS=-1 noPathLastRound=190 hopCapExceededDrops=0 chCountFinalRound=4 chEverContactedBySink=0
[LOSSBREAKDOWN] scheme=CGAPD packetsBufferedSent(firstHop)=0 relayHopSends=0 packetsReceived=0 relayTrueHopCapDrops=0 relayGreedyDeadEndDrops=0 leafBufferOverflowDrops=2107 chBufferOverflowDrops=0 flushNoCHExistsEvents=0 flushGreedyDeadEndEvents=0 staleCHDeliveries=0 deadTargetDeliveries=0 strandedAtNeverVisitedCH=203 strandedAtVisitedCH(notYetFlushed)=0 macTxDrops=0 macRxDrops=0 phyTxDrops=0 phyRxDrops=0 ipv4Drops=0 arpL3Drops=0 arpCacheDrops=0 accountedSumVsRelayHopSends=203/0
=== OFF seed=7 scheme=IAGAPC-Enhanced Sat Aug  8 19:35:19 IST 2026 ===
[TOURTARGET] numWaypoints=8 tourTimeTargetS=201.497 simTime(3x)=604.491
[CONTACT] scheme=IAGAPC-Enhanced n=200 avgContactSecPerNode=0 avgWindowsPerNode=0 nodesWithZeroContact=200/200 totalFlushEvents=0 avgPktsPerFlush=0 tourTimeS=223.3 fndTimeS=-1 noPathLastRound=183 hopCapExceededDrops=0 chCountFinalRound=5 chEverContactedBySink=0
[LOSSBREAKDOWN] scheme=IAGAPC-Enhanced packetsBufferedSent(firstHop)=0 relayHopSends=0 packetsReceived=0 relayTrueHopCapDrops=0 relayGreedyDeadEndDrops=0 leafBufferOverflowDrops=2083 chBufferOverflowDrops=0 flushNoCHExistsEvents=0 flushGreedyDeadEndEvents=0 staleCHDeliveries=0 deadTargetDeliveries=0 strandedAtNeverVisitedCH=253 strandedAtVisitedCH(notYetFlushed)=0 macTxDrops=0 macRxDrops=0 phyTxDrops=0 phyRxDrops=0 ipv4Drops=0 arpL3Drops=0 arpCacheDrops=0 accountedSumVsRelayHopSends=253/0
=== OFF seed=7 scheme=AGAPC Sat Aug  8 19:35:20 IST 2026 ===
[TOURTARGET] numWaypoints=8 tourTimeTargetS=201.497 simTime(3x)=604.491
[CONTACT] scheme=AGAPC n=200 avgContactSecPerNode=0 avgWindowsPerNode=0 nodesWithZeroContact=200/200 totalFlushEvents=0 avgPktsPerFlush=0 tourTimeS=155.561 fndTimeS=-1 noPathLastRound=187 hopCapExceededDrops=0 chCountFinalRound=3 chEverContactedBySink=0
[LOSSBREAKDOWN] scheme=AGAPC packetsBufferedSent(firstHop)=0 relayHopSends=0 packetsReceived=0 relayTrueHopCapDrops=0 relayGreedyDeadEndDrops=0 leafBufferOverflowDrops=2114 chBufferOverflowDrops=0 flushNoCHExistsEvents=0 flushGreedyDeadEndEvents=0 staleCHDeliveries=0 deadTargetDeliveries=0 strandedAtNeverVisitedCH=153 strandedAtVisitedCH(notYetFlushed)=0 macTxDrops=0 macRxDrops=0 phyTxDrops=0 phyRxDrops=0 ipv4Drops=0 arpL3Drops=0 arpCacheDrops=0 accountedSumVsRelayHopSends=153/0
=== OFF seed=7 scheme=EGATS-N Sat Aug  8 19:35:21 IST 2026 ===
[TOURTARGET] numWaypoints=8 tourTimeTargetS=201.497 simTime(3x)=604.491
[CONTACT] scheme=EGATS-N n=200 avgContactSecPerNode=0 avgWindowsPerNode=0 nodesWithZeroContact=200/200 totalFlushEvents=0 avgPktsPerFlush=0 tourTimeS=91.3027 fndTimeS=-1 noPathLastRound=180 hopCapExceededDrops=0 chCountFinalRound=5 chEverContactedBySink=0
[LOSSBREAKDOWN] scheme=EGATS-N packetsBufferedSent(firstHop)=0 relayHopSends=0 packetsReceived=0 relayTrueHopCapDrops=0 relayGreedyDeadEndDrops=0 leafBufferOverflowDrops=2089 chBufferOverflowDrops=0 flushNoCHExistsEvents=0 flushGreedyDeadEndEvents=0 staleCHDeliveries=0 deadTargetDeliveries=0 strandedAtNeverVisitedCH=255 strandedAtVisitedCH(notYetFlushed)=0 macTxDrops=0 macRxDrops=0 phyTxDrops=0 phyRxDrops=0 ipv4Drops=0 arpL3Drops=0 arpCacheDrops=0 accountedSumVsRelayHopSends=255/0
=== OFF seed=7 scheme=RCGA-ABC Sat Aug  8 19:35:22 IST 2026 ===
[TOURTARGET] numWaypoints=8 tourTimeTargetS=201.497 simTime(3x)=604.491
[CONTACT] scheme=RCGA-ABC n=200 avgContactSecPerNode=0 avgWindowsPerNode=0 nodesWithZeroContact=200/200 totalFlushEvents=0 avgPktsPerFlush=0 tourTimeS=86.8887 fndTimeS=-1 noPathLastRound=194 hopCapExceededDrops=0 chCountFinalRound=2 chEverContactedBySink=0
[LOSSBREAKDOWN] scheme=RCGA-ABC packetsBufferedSent(firstHop)=0 relayHopSends=0 packetsReceived=0 relayTrueHopCapDrops=0 relayGreedyDeadEndDrops=0 leafBufferOverflowDrops=2092 chBufferOverflowDrops=0 flushNoCHExistsEvents=0 flushGreedyDeadEndEvents=0 staleCHDeliveries=0 deadTargetDeliveries=0 strandedAtNeverVisitedCH=102 strandedAtVisitedCH(notYetFlushed)=0 macTxDrops=0 macRxDrops=0 phyTxDrops=0 phyRxDrops=0 ipv4Drops=0 arpL3Drops=0 arpCacheDrops=0 accountedSumVsRelayHopSends=102/0
=== OFF seed=7 scheme=DGA-M Sat Aug  8 19:35:22 IST 2026 ===
[TOURTARGET] numWaypoints=8 tourTimeTargetS=201.497 simTime(3x)=604.491
[CONTACT] scheme=DGA-M n=200 avgContactSecPerNode=0 avgWindowsPerNode=0 nodesWithZeroContact=200/200 totalFlushEvents=0 avgPktsPerFlush=0 tourTimeS=100.223 fndTimeS=-1 noPathLastRound=181 hopCapExceededDrops=0 chCountFinalRound=7 chEverContactedBySink=0
[LOSSBREAKDOWN] scheme=DGA-M packetsBufferedSent(firstHop)=0 relayHopSends=0 packetsReceived=0 relayTrueHopCapDrops=0 relayGreedyDeadEndDrops=0 leafBufferOverflowDrops=2107 chBufferOverflowDrops=0 flushNoCHExistsEvents=0 flushGreedyDeadEndEvents=0 staleCHDeliveries=0 deadTargetDeliveries=0 strandedAtNeverVisitedCH=356 strandedAtVisitedCH(notYetFlushed)=0 macTxDrops=0 macRxDrops=0 phyTxDrops=0 phyRxDrops=0 ipv4Drops=0 arpL3Drops=0 arpCacheDrops=0 accountedSumVsRelayHopSends=356/0
=== OFF seed=7 scheme=CGAPD Sat Aug  8 19:35:23 IST 2026 ===
[TOURTARGET] numWaypoints=8 tourTimeTargetS=201.497 simTime(3x)=604.491
[CONTACT] scheme=CGAPD n=200 avgContactSecPerNode=0 avgWindowsPerNode=0 nodesWithZeroContact=200/200 totalFlushEvents=0 avgPktsPerFlush=0 tourTimeS=283.565 fndTimeS=-1 noPathLastRound=194 hopCapExceededDrops=0 chCountFinalRound=3 chEverContactedBySink=0
[LOSSBREAKDOWN] scheme=CGAPD packetsBufferedSent(firstHop)=0 relayHopSends=0 packetsReceived=0 relayTrueHopCapDrops=0 relayGreedyDeadEndDrops=0 leafBufferOverflowDrops=2101 chBufferOverflowDrops=0 flushNoCHExistsEvents=0 flushGreedyDeadEndEvents=0 staleCHDeliveries=0 deadTargetDeliveries=0 strandedAtNeverVisitedCH=153 strandedAtVisitedCH(notYetFlushed)=0 macTxDrops=0 macRxDrops=0 phyTxDrops=0 phyRxDrops=0 ipv4Drops=0 arpL3Drops=0 arpCacheDrops=0 accountedSumVsRelayHopSends=153/0
=== OFF seed=8 scheme=IAGAPC-Enhanced Sat Aug  8 19:35:24 IST 2026 ===
[TOURTARGET] numWaypoints=8 tourTimeTargetS=201.497 simTime(3x)=604.491
[CONTACT] scheme=IAGAPC-Enhanced n=200 avgContactSecPerNode=0 avgWindowsPerNode=0 nodesWithZeroContact=200/200 totalFlushEvents=0 avgPktsPerFlush=0 tourTimeS=144.922 fndTimeS=-1 noPathLastRound=185 hopCapExceededDrops=0 chCountFinalRound=6 chEverContactedBySink=0
[LOSSBREAKDOWN] scheme=IAGAPC-Enhanced packetsBufferedSent(firstHop)=0 relayHopSends=0 packetsReceived=0 relayTrueHopCapDrops=0 relayGreedyDeadEndDrops=0 leafBufferOverflowDrops=2089 chBufferOverflowDrops=0 flushNoCHExistsEvents=0 flushGreedyDeadEndEvents=0 staleCHDeliveries=0 deadTargetDeliveries=0 strandedAtNeverVisitedCH=305 strandedAtVisitedCH(notYetFlushed)=0 macTxDrops=0 macRxDrops=0 phyTxDrops=0 phyRxDrops=0 ipv4Drops=0 arpL3Drops=0 arpCacheDrops=0 accountedSumVsRelayHopSends=305/0
=== OFF seed=8 scheme=AGAPC Sat Aug  8 19:35:25 IST 2026 ===
[TOURTARGET] numWaypoints=8 tourTimeTargetS=201.497 simTime(3x)=604.491
[CONTACT] scheme=AGAPC n=200 avgContactSecPerNode=0 avgWindowsPerNode=0 nodesWithZeroContact=200/200 totalFlushEvents=0 avgPktsPerFlush=0 tourTimeS=72.9308 fndTimeS=-1 noPathLastRound=179 hopCapExceededDrops=0 chCountFinalRound=7 chEverContactedBySink=0
[LOSSBREAKDOWN] scheme=AGAPC packetsBufferedSent(firstHop)=0 relayHopSends=0 packetsReceived=0 relayTrueHopCapDrops=0 relayGreedyDeadEndDrops=0 leafBufferOverflowDrops=2110 chBufferOverflowDrops=0 flushNoCHExistsEvents=0 flushGreedyDeadEndEvents=0 staleCHDeliveries=0 deadTargetDeliveries=0 strandedAtNeverVisitedCH=357 strandedAtVisitedCH(notYetFlushed)=0 macTxDrops=0 macRxDrops=0 phyTxDrops=0 phyRxDrops=0 ipv4Drops=0 arpL3Drops=0 arpCacheDrops=0 accountedSumVsRelayHopSends=357/0
=== OFF seed=8 scheme=EGATS-N Sat Aug  8 19:35:26 IST 2026 ===
[TOURTARGET] numWaypoints=8 tourTimeTargetS=201.497 simTime(3x)=604.491
[CONTACT] scheme=EGATS-N n=200 avgContactSecPerNode=0 avgWindowsPerNode=0 nodesWithZeroContact=200/200 totalFlushEvents=0 avgPktsPerFlush=0 tourTimeS=57.2206 fndTimeS=-1 noPathLastRound=175 hopCapExceededDrops=0 chCountFinalRound=8 chEverContactedBySink=0
[LOSSBREAKDOWN] scheme=EGATS-N packetsBufferedSent(firstHop)=0 relayHopSends=0 packetsReceived=0 relayTrueHopCapDrops=0 relayGreedyDeadEndDrops=0 leafBufferOverflowDrops=2084 chBufferOverflowDrops=0 flushNoCHExistsEvents=0 flushGreedyDeadEndEvents=0 staleCHDeliveries=0 deadTargetDeliveries=0 strandedAtNeverVisitedCH=407 strandedAtVisitedCH(notYetFlushed)=0 macTxDrops=0 macRxDrops=0 phyTxDrops=0 phyRxDrops=0 ipv4Drops=0 arpL3Drops=0 arpCacheDrops=0 accountedSumVsRelayHopSends=407/0
=== OFF seed=8 scheme=RCGA-ABC Sat Aug  8 19:35:26 IST 2026 ===
[TOURTARGET] numWaypoints=8 tourTimeTargetS=201.497 simTime(3x)=604.491
[CONTACT] scheme=RCGA-ABC n=200 avgContactSecPerNode=0 avgWindowsPerNode=0 nodesWithZeroContact=200/200 totalFlushEvents=0 avgPktsPerFlush=0 tourTimeS=55.0655 fndTimeS=-1 noPathLastRound=195 hopCapExceededDrops=0 chCountFinalRound=3 chEverContactedBySink=0
[LOSSBREAKDOWN] scheme=RCGA-ABC packetsBufferedSent(firstHop)=0 relayHopSends=0 packetsReceived=0 relayTrueHopCapDrops=0 relayGreedyDeadEndDrops=0 leafBufferOverflowDrops=2110 chBufferOverflowDrops=0 flushNoCHExistsEvents=0 flushGreedyDeadEndEvents=0 staleCHDeliveries=0 deadTargetDeliveries=0 strandedAtNeverVisitedCH=153 strandedAtVisitedCH(notYetFlushed)=0 macTxDrops=0 macRxDrops=0 phyTxDrops=0 phyRxDrops=0 ipv4Drops=0 arpL3Drops=0 arpCacheDrops=0 accountedSumVsRelayHopSends=153/0
=== OFF seed=8 scheme=DGA-M Sat Aug  8 19:35:27 IST 2026 ===
[TOURTARGET] numWaypoints=8 tourTimeTargetS=201.497 simTime(3x)=604.491
[CONTACT] scheme=DGA-M n=200 avgContactSecPerNode=0 avgWindowsPerNode=0 nodesWithZeroContact=200/200 totalFlushEvents=0 avgPktsPerFlush=0 tourTimeS=65.0717 fndTimeS=-1 noPathLastRound=185 hopCapExceededDrops=0 chCountFinalRound=5 chEverContactedBySink=0
[LOSSBREAKDOWN] scheme=DGA-M packetsBufferedSent(firstHop)=0 relayHopSends=0 packetsReceived=0 relayTrueHopCapDrops=0 relayGreedyDeadEndDrops=0 leafBufferOverflowDrops=2102 chBufferOverflowDrops=0 flushNoCHExistsEvents=0 flushGreedyDeadEndEvents=0 staleCHDeliveries=0 deadTargetDeliveries=0 strandedAtNeverVisitedCH=255 strandedAtVisitedCH(notYetFlushed)=0 macTxDrops=0 macRxDrops=0 phyTxDrops=0 phyRxDrops=0 ipv4Drops=0 arpL3Drops=0 arpCacheDrops=0 accountedSumVsRelayHopSends=255/0
=== OFF seed=8 scheme=CGAPD Sat Aug  8 19:35:28 IST 2026 ===
[TOURTARGET] numWaypoints=8 tourTimeTargetS=201.497 simTime(3x)=604.491
[CONTACT] scheme=CGAPD n=200 avgContactSecPerNode=0 avgWindowsPerNode=0 nodesWithZeroContact=200/200 totalFlushEvents=0 avgPktsPerFlush=0 tourTimeS=282.026 fndTimeS=-1 noPathLastRound=174 hopCapExceededDrops=0 chCountFinalRound=8 chEverContactedBySink=0
[LOSSBREAKDOWN] scheme=CGAPD packetsBufferedSent(firstHop)=0 relayHopSends=0 packetsReceived=0 relayTrueHopCapDrops=0 relayGreedyDeadEndDrops=0 leafBufferOverflowDrops=2092 chBufferOverflowDrops=0 flushNoCHExistsEvents=0 flushGreedyDeadEndEvents=0 staleCHDeliveries=0 deadTargetDeliveries=0 strandedAtNeverVisitedCH=408 strandedAtVisitedCH(notYetFlushed)=0 macTxDrops=0 macRxDrops=0 phyTxDrops=0 phyRxDrops=0 ipv4Drops=0 arpL3Drops=0 arpCacheDrops=0 accountedSumVsRelayHopSends=408/0
=== OFF seed=9 scheme=IAGAPC-Enhanced Sat Aug  8 19:35:29 IST 2026 ===
[TOURTARGET] numWaypoints=8 tourTimeTargetS=201.497 simTime(3x)=604.491
[CONTACT] scheme=IAGAPC-Enhanced n=200 avgContactSecPerNode=0 avgWindowsPerNode=0 nodesWithZeroContact=200/200 totalFlushEvents=0 avgPktsPerFlush=0 tourTimeS=206.49 fndTimeS=-1 noPathLastRound=184 hopCapExceededDrops=0 chCountFinalRound=5 chEverContactedBySink=0
[LOSSBREAKDOWN] scheme=IAGAPC-Enhanced packetsBufferedSent(firstHop)=0 relayHopSends=0 packetsReceived=0 relayTrueHopCapDrops=0 relayGreedyDeadEndDrops=0 leafBufferOverflowDrops=2111 chBufferOverflowDrops=0 flushNoCHExistsEvents=0 flushGreedyDeadEndEvents=0 staleCHDeliveries=0 deadTargetDeliveries=0 strandedAtNeverVisitedCH=255 strandedAtVisitedCH(notYetFlushed)=0 macTxDrops=0 macRxDrops=0 phyTxDrops=0 phyRxDrops=0 ipv4Drops=0 arpL3Drops=0 arpCacheDrops=0 accountedSumVsRelayHopSends=255/0
=== OFF seed=9 scheme=AGAPC Sat Aug  8 19:35:30 IST 2026 ===
[TOURTARGET] numWaypoints=8 tourTimeTargetS=201.497 simTime(3x)=604.491
[CONTACT] scheme=AGAPC n=200 avgContactSecPerNode=0 avgWindowsPerNode=0 nodesWithZeroContact=200/200 totalFlushEvents=0 avgPktsPerFlush=0 tourTimeS=61.8811 fndTimeS=-1 noPathLastRound=175 hopCapExceededDrops=0 chCountFinalRound=8 chEverContactedBySink=0
[LOSSBREAKDOWN] scheme=AGAPC packetsBufferedSent(firstHop)=0 relayHopSends=0 packetsReceived=0 relayTrueHopCapDrops=0 relayGreedyDeadEndDrops=0 leafBufferOverflowDrops=2105 chBufferOverflowDrops=0 flushNoCHExistsEvents=0 flushGreedyDeadEndEvents=0 staleCHDeliveries=0 deadTargetDeliveries=0 strandedAtNeverVisitedCH=408 strandedAtVisitedCH(notYetFlushed)=0 macTxDrops=0 macRxDrops=0 phyTxDrops=0 phyRxDrops=0 ipv4Drops=0 arpL3Drops=0 arpCacheDrops=0 accountedSumVsRelayHopSends=408/0
=== OFF seed=9 scheme=EGATS-N Sat Aug  8 19:35:30 IST 2026 ===
[TOURTARGET] numWaypoints=8 tourTimeTargetS=201.497 simTime(3x)=604.491
[CONTACT] scheme=EGATS-N n=200 avgContactSecPerNode=0 avgWindowsPerNode=0 nodesWithZeroContact=200/200 totalFlushEvents=0 avgPktsPerFlush=0 tourTimeS=80.6774 fndTimeS=-1 noPathLastRound=189 hopCapExceededDrops=0 chCountFinalRound=5 chEverContactedBySink=0
[LOSSBREAKDOWN] scheme=EGATS-N packetsBufferedSent(firstHop)=0 relayHopSends=0 packetsReceived=0 relayTrueHopCapDrops=0 relayGreedyDeadEndDrops=0 leafBufferOverflowDrops=2114 chBufferOverflowDrops=0 flushNoCHExistsEvents=0 flushGreedyDeadEndEvents=0 staleCHDeliveries=0 deadTargetDeliveries=0 strandedAtNeverVisitedCH=253 strandedAtVisitedCH(notYetFlushed)=0 macTxDrops=0 macRxDrops=0 phyTxDrops=0 phyRxDrops=0 ipv4Drops=0 arpL3Drops=0 arpCacheDrops=0 accountedSumVsRelayHopSends=253/0
=== OFF seed=9 scheme=RCGA-ABC Sat Aug  8 19:35:31 IST 2026 ===
[TOURTARGET] numWaypoints=8 tourTimeTargetS=201.497 simTime(3x)=604.491
[CONTACT] scheme=RCGA-ABC n=200 avgContactSecPerNode=0 avgWindowsPerNode=0 nodesWithZeroContact=200/200 totalFlushEvents=0 avgPktsPerFlush=0 tourTimeS=56.6977 fndTimeS=-1 noPathLastRound=183 hopCapExceededDrops=0 chCountFinalRound=5 chEverContactedBySink=0
[LOSSBREAKDOWN] scheme=RCGA-ABC packetsBufferedSent(firstHop)=0 relayHopSends=0 packetsReceived=0 relayTrueHopCapDrops=0 relayGreedyDeadEndDrops=0 leafBufferOverflowDrops=2110 chBufferOverflowDrops=0 flushNoCHExistsEvents=0 flushGreedyDeadEndEvents=0 staleCHDeliveries=0 deadTargetDeliveries=0 strandedAtNeverVisitedCH=255 strandedAtVisitedCH(notYetFlushed)=0 macTxDrops=0 macRxDrops=0 phyTxDrops=0 phyRxDrops=0 ipv4Drops=0 arpL3Drops=0 arpCacheDrops=0 accountedSumVsRelayHopSends=255/0
=== OFF seed=9 scheme=DGA-M Sat Aug  8 19:35:32 IST 2026 ===
[TOURTARGET] numWaypoints=8 tourTimeTargetS=201.497 simTime(3x)=604.491
[CONTACT] scheme=DGA-M n=200 avgContactSecPerNode=0 avgWindowsPerNode=0 nodesWithZeroContact=200/200 totalFlushEvents=0 avgPktsPerFlush=0 tourTimeS=164.159 fndTimeS=-1 noPathLastRound=189 hopCapExceededDrops=0 chCountFinalRound=4 chEverContactedBySink=0
[LOSSBREAKDOWN] scheme=DGA-M packetsBufferedSent(firstHop)=0 relayHopSends=0 packetsReceived=0 relayTrueHopCapDrops=0 relayGreedyDeadEndDrops=0 leafBufferOverflowDrops=2117 chBufferOverflowDrops=0 flushNoCHExistsEvents=0 flushGreedyDeadEndEvents=0 staleCHDeliveries=0 deadTargetDeliveries=0 strandedAtNeverVisitedCH=203 strandedAtVisitedCH(notYetFlushed)=0 macTxDrops=0 macRxDrops=0 phyTxDrops=0 phyRxDrops=0 ipv4Drops=0 arpL3Drops=0 arpCacheDrops=0 accountedSumVsRelayHopSends=203/0
=== OFF seed=9 scheme=CGAPD Sat Aug  8 19:35:33 IST 2026 ===
[TOURTARGET] numWaypoints=8 tourTimeTargetS=201.497 simTime(3x)=604.491
[CONTACT] scheme=CGAPD n=200 avgContactSecPerNode=0 avgWindowsPerNode=0 nodesWithZeroContact=200/200 totalFlushEvents=0 avgPktsPerFlush=0 tourTimeS=319.275 fndTimeS=-1 noPathLastRound=186 hopCapExceededDrops=0 chCountFinalRound=5 chEverContactedBySink=0
[LOSSBREAKDOWN] scheme=CGAPD packetsBufferedSent(firstHop)=0 relayHopSends=0 packetsReceived=0 relayTrueHopCapDrops=0 relayGreedyDeadEndDrops=0 leafBufferOverflowDrops=2115 chBufferOverflowDrops=0 flushNoCHExistsEvents=0 flushGreedyDeadEndEvents=0 staleCHDeliveries=0 deadTargetDeliveries=0 strandedAtNeverVisitedCH=255 strandedAtVisitedCH(notYetFlushed)=0 macTxDrops=0 macRxDrops=0 phyTxDrops=0 phyRxDrops=0 ipv4Drops=0 arpL3Drops=0 arpCacheDrops=0 accountedSumVsRelayHopSends=255/0
=== OFF seed=10 scheme=IAGAPC-Enhanced Sat Aug  8 19:35:33 IST 2026 ===
[TOURTARGET] numWaypoints=8 tourTimeTargetS=201.497 simTime(3x)=604.491
[CONTACT] scheme=IAGAPC-Enhanced n=200 avgContactSecPerNode=0 avgWindowsPerNode=0 nodesWithZeroContact=200/200 totalFlushEvents=0 avgPktsPerFlush=0 tourTimeS=238.404 fndTimeS=-1 noPathLastRound=165 hopCapExceededDrops=0 chCountFinalRound=10 chEverContactedBySink=0
[LOSSBREAKDOWN] scheme=IAGAPC-Enhanced packetsBufferedSent(firstHop)=0 relayHopSends=0 packetsReceived=0 relayTrueHopCapDrops=0 relayGreedyDeadEndDrops=0 leafBufferOverflowDrops=2095 chBufferOverflowDrops=0 flushNoCHExistsEvents=0 flushGreedyDeadEndEvents=0 staleCHDeliveries=0 deadTargetDeliveries=0 strandedAtNeverVisitedCH=509 strandedAtVisitedCH(notYetFlushed)=0 macTxDrops=0 macRxDrops=0 phyTxDrops=0 phyRxDrops=0 ipv4Drops=0 arpL3Drops=0 arpCacheDrops=0 accountedSumVsRelayHopSends=509/0
=== OFF seed=10 scheme=AGAPC Sat Aug  8 19:35:34 IST 2026 ===
[TOURTARGET] numWaypoints=8 tourTimeTargetS=201.497 simTime(3x)=604.491
[CONTACT] scheme=AGAPC n=200 avgContactSecPerNode=0 avgWindowsPerNode=0 nodesWithZeroContact=200/200 totalFlushEvents=0 avgPktsPerFlush=0 tourTimeS=106.03 fndTimeS=-1 noPathLastRound=159 hopCapExceededDrops=0 chCountFinalRound=8 chEverContactedBySink=0
[LOSSBREAKDOWN] scheme=AGAPC packetsBufferedSent(firstHop)=0 relayHopSends=0 packetsReceived=0 relayTrueHopCapDrops=0 relayGreedyDeadEndDrops=0 leafBufferOverflowDrops=2097 chBufferOverflowDrops=0 flushNoCHExistsEvents=0 flushGreedyDeadEndEvents=0 staleCHDeliveries=0 deadTargetDeliveries=0 strandedAtNeverVisitedCH=407 strandedAtVisitedCH(notYetFlushed)=0 macTxDrops=0 macRxDrops=0 phyTxDrops=0 phyRxDrops=0 ipv4Drops=0 arpL3Drops=0 arpCacheDrops=0 accountedSumVsRelayHopSends=407/0
=== OFF seed=10 scheme=EGATS-N Sat Aug  8 19:35:35 IST 2026 ===
[TOURTARGET] numWaypoints=8 tourTimeTargetS=201.497 simTime(3x)=604.491
[CONTACT] scheme=EGATS-N n=200 avgContactSecPerNode=0 avgWindowsPerNode=0 nodesWithZeroContact=200/200 totalFlushEvents=0 avgPktsPerFlush=0 tourTimeS=64.5091 fndTimeS=-1 noPathLastRound=173 hopCapExceededDrops=0 chCountFinalRound=6 chEverContactedBySink=0
[LOSSBREAKDOWN] scheme=EGATS-N packetsBufferedSent(firstHop)=0 relayHopSends=0 packetsReceived=0 relayTrueHopCapDrops=0 relayGreedyDeadEndDrops=0 leafBufferOverflowDrops=2111 chBufferOverflowDrops=0 flushNoCHExistsEvents=0 flushGreedyDeadEndEvents=0 staleCHDeliveries=0 deadTargetDeliveries=0 strandedAtNeverVisitedCH=302 strandedAtVisitedCH(notYetFlushed)=0 macTxDrops=0 macRxDrops=0 phyTxDrops=0 phyRxDrops=0 ipv4Drops=0 arpL3Drops=0 arpCacheDrops=0 accountedSumVsRelayHopSends=302/0
=== OFF seed=10 scheme=RCGA-ABC Sat Aug  8 19:35:36 IST 2026 ===
[TOURTARGET] numWaypoints=8 tourTimeTargetS=201.497 simTime(3x)=604.491
[CONTACT] scheme=RCGA-ABC n=200 avgContactSecPerNode=0 avgWindowsPerNode=0 nodesWithZeroContact=200/200 totalFlushEvents=0 avgPktsPerFlush=0 tourTimeS=147.643 fndTimeS=-1 noPathLastRound=170 hopCapExceededDrops=0 chCountFinalRound=6 chEverContactedBySink=0
[LOSSBREAKDOWN] scheme=RCGA-ABC packetsBufferedSent(firstHop)=0 relayHopSends=0 packetsReceived=0 relayTrueHopCapDrops=0 relayGreedyDeadEndDrops=0 leafBufferOverflowDrops=2108 chBufferOverflowDrops=0 flushNoCHExistsEvents=0 flushGreedyDeadEndEvents=0 staleCHDeliveries=0 deadTargetDeliveries=0 strandedAtNeverVisitedCH=304 strandedAtVisitedCH(notYetFlushed)=0 macTxDrops=0 macRxDrops=0 phyTxDrops=0 phyRxDrops=0 ipv4Drops=0 arpL3Drops=0 arpCacheDrops=0 accountedSumVsRelayHopSends=304/0
=== OFF seed=10 scheme=DGA-M Sat Aug  8 19:35:37 IST 2026 ===
[TOURTARGET] numWaypoints=8 tourTimeTargetS=201.497 simTime(3x)=604.491
[CONTACT] scheme=DGA-M n=200 avgContactSecPerNode=0 avgWindowsPerNode=0 nodesWithZeroContact=200/200 totalFlushEvents=0 avgPktsPerFlush=0 tourTimeS=93.8384 fndTimeS=-1 noPathLastRound=199 hopCapExceededDrops=0 chCountFinalRound=1 chEverContactedBySink=0
[LOSSBREAKDOWN] scheme=DGA-M packetsBufferedSent(firstHop)=0 relayHopSends=0 packetsReceived=0 relayTrueHopCapDrops=0 relayGreedyDeadEndDrops=0 leafBufferOverflowDrops=2098 chBufferOverflowDrops=0 flushNoCHExistsEvents=0 flushGreedyDeadEndEvents=0 staleCHDeliveries=0 deadTargetDeliveries=0 strandedAtNeverVisitedCH=51 strandedAtVisitedCH(notYetFlushed)=0 macTxDrops=0 macRxDrops=0 phyTxDrops=0 phyRxDrops=0 ipv4Drops=0 arpL3Drops=0 arpCacheDrops=0 accountedSumVsRelayHopSends=51/0
=== OFF seed=10 scheme=CGAPD Sat Aug  8 19:35:37 IST 2026 ===
[TOURTARGET] numWaypoints=8 tourTimeTargetS=201.497 simTime(3x)=604.491
[CONTACT] scheme=CGAPD n=200 avgContactSecPerNode=0 avgWindowsPerNode=0 nodesWithZeroContact=200/200 totalFlushEvents=0 avgPktsPerFlush=0 tourTimeS=273.265 fndTimeS=-1 noPathLastRound=154 hopCapExceededDrops=0 chCountFinalRound=8 chEverContactedBySink=0
[LOSSBREAKDOWN] scheme=CGAPD packetsBufferedSent(firstHop)=0 relayHopSends=0 packetsReceived=0 relayTrueHopCapDrops=0 relayGreedyDeadEndDrops=0 leafBufferOverflowDrops=2094 chBufferOverflowDrops=0 flushNoCHExistsEvents=0 flushGreedyDeadEndEvents=0 staleCHDeliveries=0 deadTargetDeliveries=0 strandedAtNeverVisitedCH=406 strandedAtVisitedCH(notYetFlushed)=0 macTxDrops=0 macRxDrops=0 phyTxDrops=0 phyRxDrops=0 ipv4Drops=0 arpL3Drops=0 arpCacheDrops=0 accountedSumVsRelayHopSends=406/0
=== ALL_DONE Sat Aug  8 19:35:38 IST 2026 ===
